# NOTE: if you're installing this on your own computer, un-comment and run the following 3 lines
# drop schema if exists RealEstate;
# create schema RealEstate;
# use RealEstate;



-- MySQL dump 10.13  Distrib 5.6.17, for Win32 (x86)
--
-- Host: 127.0.0.1    Database: realestate
-- ------------------------------------------------------
-- Server version	5.6.21

/*!40101 SET @OLD_CHARACTER_SET_CLIENT=@@CHARACTER_SET_CLIENT */;
/*!40101 SET @OLD_CHARACTER_SET_RESULTS=@@CHARACTER_SET_RESULTS */;
/*!40101 SET @OLD_COLLATION_CONNECTION=@@COLLATION_CONNECTION */;
/*!40101 SET NAMES utf8 */;
/*!40103 SET @OLD_TIME_ZONE=@@TIME_ZONE */;
/*!40103 SET TIME_ZONE='+00:00' */;
/*!40014 SET @OLD_UNIQUE_CHECKS=@@UNIQUE_CHECKS, UNIQUE_CHECKS=0 */;
/*!40014 SET @OLD_FOREIGN_KEY_CHECKS=@@FOREIGN_KEY_CHECKS, FOREIGN_KEY_CHECKS=0 */;
/*!40101 SET @OLD_SQL_MODE=@@SQL_MODE, SQL_MODE='NO_AUTO_VALUE_ON_ZERO' */;
/*!40111 SET @OLD_SQL_NOTES=@@SQL_NOTES, SQL_NOTES=0 */;

--
-- Table structure for table `apartment`
--

DROP TABLE IF EXISTS `apartment`;
/*!40101 SET @saved_cs_client     = @@character_set_client */;
/*!40101 SET character_set_client = utf8 */;
CREATE TABLE `apartment` (
  `id` int(11) NOT NULL,
  `numBedrooms` tinyint(4) NOT NULL,
  `numCarSpaces` tinyint(4) DEFAULT NULL,
  PRIMARY KEY (`id`),
  CONSTRAINT `fk_apartment_property1` FOREIGN KEY (`id`) REFERENCES `property` (`id`) ON DELETE NO ACTION ON UPDATE NO ACTION
) ENGINE=InnoDB DEFAULT CHARSET=utf8;
/*!40101 SET character_set_client = @saved_cs_client */;

--
-- Dumping data for table `apartment`
--

LOCK TABLES `apartment` WRITE;
/*!40000 ALTER TABLE `apartment` DISABLE KEYS */;
INSERT INTO `apartment` VALUES (6,1,2),(9,1,1),(12,1,0),(15,1,2),(21,1,1),(24,2,1),(30,2,2),(33,1,0),(36,1,0),(39,1,1),(42,1,2),(45,2,0),(48,1,2),(51,2,0),(54,1,1),(57,1,1),(60,1,2),(63,2,2),(66,1,2),(69,2,1),(78,1,1),(84,1,1),(90,2,1),(93,1,2),(99,2,0),(102,1,1),(105,2,1),(111,1,2),(114,1,2),(117,2,0),(120,1,2),(123,2,1),(132,2,2),(135,1,1),(141,1,2),(144,1,0),(147,1,1),(150,1,1),(156,1,1),(159,2,2),(162,1,1),(165,1,1),(168,1,2),(177,2,0),(180,2,0),(183,2,1),(186,1,2),(189,2,2),(192,2,0),(198,2,1),(201,2,2),(204,1,0),(219,2,0),(222,1,1),(228,2,1),(231,2,1),(234,1,1),(237,1,1),(240,2,0),(243,1,0),(246,2,0),(249,2,1),(252,2,0),(261,1,2),(270,1,0),(279,2,1),(282,1,0),(285,2,1),(288,1,0),(291,2,1),(294,1,1),(315,2,0),(318,1,1),(321,1,0),(333,2,0),(342,1,1),(345,1,0),(348,1,2),(354,1,1),(366,1,0),(369,1,1),(372,1,0),(375,2,1),(378,1,1),(381,2,1),(384,2,1),(387,2,1),(390,1,2),(396,1,1),(399,2,1),(402,1,2),(405,1,1),(408,1,2),(411,2,1),(417,2,1),(423,1,2),(429,1,1),(432,2,2),(438,2,0),(441,2,2),(450,1,0),(453,1,2),(459,1,1),(465,2,1),(468,2,2),(471,1,1),(474,2,1),(480,1,0),(486,1,1),(489,2,1),(492,1,1),(498,2,1),(504,2,2),(516,1,1),(519,1,1),(525,2,1),(528,2,2),(531,1,1),(534,1,1),(540,2,2),(543,2,1),(546,2,2),(555,2,2),(558,2,2),(564,2,2),(567,2,1),(576,2,2),(579,1,1),(582,1,0),(585,1,2),(588,1,0),(591,2,1),(594,2,0),(597,2,2),(600,2,1),(603,1,2),(606,2,0),(609,1,2),(612,2,0),(615,2,2),(618,1,1),(621,2,1),(627,1,1),(630,1,1),(639,1,0),(645,1,0),(648,1,1),(657,1,2),(660,1,1),(666,1,1),(669,1,1),(672,1,1),(678,2,1),(681,1,1),(684,1,1),(687,1,0),(690,1,2),(693,1,0),(696,1,1),(699,2,0),(702,1,2),(705,2,2),(714,2,1),(726,2,0),(729,2,2),(732,2,2),(744,1,1),(747,1,0),(750,2,1),(753,2,0),(756,1,0),(759,2,2),(762,1,1),(765,1,1),(768,1,2),(774,2,1),(780,2,1),(786,1,2),(792,1,1),(798,1,0),(801,1,1),(804,2,0),(807,2,2),(813,2,2),(819,1,1),(822,1,1),(825,1,1),(828,1,1),(831,2,1),(834,2,2),(837,1,1),(840,1,1),(843,1,1),(852,2,2),(855,1,1),(858,2,1),(867,2,2),(870,2,1),(873,2,1),(876,2,0),(879,1,1),(882,2,1),(885,1,2),(891,2,2),(894,2,1),(897,1,2),(903,2,1),(909,2,2),(915,1,0),(918,1,0),(921,1,1),(924,2,2),(927,1,1),(933,2,2),(939,2,1),(942,2,2),(951,2,1),(954,1,1),(957,1,1),(960,2,2),(966,2,1),(969,1,2),(972,1,1),(981,1,1),(984,2,1);
/*!40000 ALTER TABLE `apartment` ENABLE KEYS */;
UNLOCK TABLES;

--
-- Table structure for table `contact`
--

DROP TABLE IF EXISTS `contact`;
/*!40101 SET @saved_cs_client     = @@character_set_client */;
/*!40101 SET character_set_client = utf8 */;
CREATE TABLE `contact` (
  `id` int(11) NOT NULL AUTO_INCREMENT,
  `Tenant` int(11) NOT NULL,
  `ContactType` char(1) NOT NULL,
  `whenContacted` timestamp NOT NULL DEFAULT CURRENT_TIMESTAMP ON UPDATE CURRENT_TIMESTAMP,
  `comments` text NOT NULL,
  PRIMARY KEY (`id`),
  KEY `fk_Contact_ContactType1_idx` (`ContactType`),
  KEY `fk_Contact_Tenant1` (`Tenant`),
  CONSTRAINT `fk_Contact_ContactType1` FOREIGN KEY (`ContactType`) REFERENCES `contacttype` (`id`) ON DELETE NO ACTION ON UPDATE NO ACTION,
  CONSTRAINT `fk_Contact_Tenant1` FOREIGN KEY (`Tenant`) REFERENCES `tenant` (`id`) ON DELETE NO ACTION ON UPDATE NO ACTION
) ENGINE=InnoDB AUTO_INCREMENT=21 DEFAULT CHARSET=utf8;
/*!40101 SET character_set_client = @saved_cs_client */;

--
-- Dumping data for table `contact`
--

LOCK TABLES `contact` WRITE;
/*!40000 ALTER TABLE `contact` DISABLE KEYS */;
INSERT INTO `contact` VALUES (1,198,'P','2014-04-06 00:21:53','needs new light bulb'),(2,128,'F','2016-02-05 23:14:26','can we get a cat?'),(3,142,'P','2015-04-23 00:14:26','please return call'),(4,174,'E','2015-01-15 23:14:26','wants to move soon'),(5,84,'F','2014-12-08 23:14:26','late with rent'),(6,179,'P','2016-02-27 23:14:26','wants a cat if possible'),(7,198,'E','2014-04-06 00:14:26','will clean carpet'),(8,155,'F','2016-03-11 23:14:26','dishwasher needs fixing'),(9,86,'P','2015-12-25 23:14:26','lease will run out soon'),(10,57,'E','2016-01-05 23:14:26','wants friend to move in'),(11,44,'F','2015-02-03 23:14:26','no longer needs car space'),(12,82,'P','2016-03-25 23:14:26','cat has torn hole in carpet'),(13,109,'E','2014-11-17 23:14:26','argued against rent rise'),(14,37,'F','2014-10-30 23:14:26','wants to move out'),(15,132,'P','2015-12-08 23:14:26','going away for 2 months'),(16,3,'E','2014-11-11 23:14:26','can we have two cats?'),(17,198,'F','2014-12-02 23:14:26','wants new lease'),(18,141,'P','2015-02-10 23:14:26','rent is too high'),(19,53,'E','2014-07-07 00:14:26','noisy neighbours'),(20,148,'F','2015-03-31 23:14:26','seeks permission to own catamaran');
/*!40000 ALTER TABLE `contact` ENABLE KEYS */;
UNLOCK TABLES;

--
-- Table structure for table `contacttype`
--

DROP TABLE IF EXISTS `contacttype`;
/*!40101 SET @saved_cs_client     = @@character_set_client */;
/*!40101 SET character_set_client = utf8 */;
CREATE TABLE `contacttype` (
  `id` char(1) NOT NULL,
  `description` varchar(50) NOT NULL,
  PRIMARY KEY (`id`)
) ENGINE=InnoDB DEFAULT CHARSET=utf8;
/*!40101 SET character_set_client = @saved_cs_client */;

--
-- Dumping data for table `contacttype`
--

LOCK TABLES `contacttype` WRITE;
/*!40000 ALTER TABLE `contacttype` DISABLE KEYS */;
INSERT INTO `contacttype` VALUES ('E','email'),('F','face-to-face'),('P','phone');
/*!40000 ALTER TABLE `contacttype` ENABLE KEYS */;
UNLOCK TABLES;

--
-- Table structure for table `house`
--

DROP TABLE IF EXISTS `house`;
/*!40101 SET @saved_cs_client     = @@character_set_client */;
/*!40101 SET character_set_client = utf8 */;
CREATE TABLE `house` (
  `id` int(11) NOT NULL,
  `numBedrooms` tinyint(4) NOT NULL,
  PRIMARY KEY (`id`),
  CONSTRAINT `fk_house_property1` FOREIGN KEY (`id`) REFERENCES `property` (`id`) ON DELETE NO ACTION ON UPDATE NO ACTION
) ENGINE=InnoDB DEFAULT CHARSET=utf8;
/*!40101 SET character_set_client = @saved_cs_client */;

--
-- Dumping data for table `house`
--

LOCK TABLES `house` WRITE;
/*!40000 ALTER TABLE `house` DISABLE KEYS */;
INSERT INTO `house` VALUES (1,2),(2,3),(3,4),(4,4),(5,3),(7,4),(11,3),(13,2),(14,3),(17,3),(18,4),(19,2),(22,3),(23,4),(25,3),(26,3),(27,4),(29,2),(31,4),(32,3),(34,4),(35,2),(37,3),(38,3),(40,3),(41,3),(43,4),(44,3),(46,3),(47,3),(49,4),(50,4),(53,3),(55,2),(56,4),(58,3),(59,3),(61,4),(62,4),(65,3),(67,2),(68,3),(70,4),(71,3),(72,4),(73,3),(74,3),(75,4),(77,3),(79,4),(80,3),(81,4),(82,3),(83,4),(85,3),(86,3),(87,4),(89,2),(91,3),(92,4),(94,4),(95,3),(96,4),(97,2),(98,3),(100,4),(101,2),(103,2),(104,3),(107,2),(108,4),(109,3),(110,4),(113,4),(115,3),(118,3),(119,2),(121,2),(125,3),(126,4),(127,3),(128,3),(129,4),(130,4),(131,3),(133,4),(134,4),(136,4),(137,2),(138,4),(139,4),(140,4),(143,2),(145,3),(146,3),(148,3),(149,3),(151,4),(152,4),(153,4),(155,4),(157,2),(158,3),(161,4),(163,2),(164,4),(166,4),(167,2),(169,3),(170,3),(171,4),(173,2),(174,4),(175,2),(176,4),(179,4),(181,2),(184,4),(185,4),(187,2),(191,3),(193,3),(194,4),(195,4),(197,4),(199,2),(200,4),(203,2),(205,3),(207,4),(208,3),(209,2),(210,4),(211,3),(212,3),(213,4),(215,3),(216,4),(217,2),(218,4),(220,3),(221,4),(223,3),(225,4),(226,3),(227,4),(229,3),(232,3),(233,4),(235,4),(236,3),(239,2),(241,4),(242,4),(244,4),(245,3),(247,2),(248,3),(250,3),(251,2),(253,3),(255,4),(256,3),(257,4),(258,4),(259,4),(262,3),(263,4),(264,4),(265,4),(266,4),(267,4),(268,3),(269,3),(271,4),(272,3),(273,4),(275,3),(276,4),(277,4),(280,3),(281,2),(283,3),(284,4),(287,3),(289,4),(293,3),(295,3),(296,3),(297,4),(298,3),(299,3),(300,4),(301,2),(302,3),(303,4),(304,4),(305,3),(306,4),(307,2),(309,4),(311,3),(312,4),(313,3),(314,3),(317,4),(319,3),(320,3),(323,3),(324,4),(325,4),(326,4),(327,4),(329,3),(330,4),(331,4),(335,3),(336,4),(337,3),(338,3),(339,4),(340,3),(341,4),(343,3),(344,4),(347,4),(349,3),(350,4),(351,4),(352,4),(353,3),(355,4),(356,3),(357,4),(359,2),(360,4),(361,3),(363,4),(365,2),(367,3),(371,4),(373,3),(374,3),(377,3),(379,4),(380,3),(382,3),(383,2),(385,3),(386,4),(389,2),(391,2),(393,4),(394,4),(395,4),(397,2),(398,3),(400,4),(401,3),(403,4),(404,4),(406,3),(407,2),(409,3),(412,3),(413,3),(414,4),(415,4),(416,3),(418,4),(419,4),(420,4),(421,2),(424,4),(425,4),(426,4),(427,4),(430,3),(431,2),(433,4),(434,3),(435,4),(437,3),(439,4),(440,3),(443,4),(444,4),(445,4),(446,4),(447,4),(448,3),(449,4),(451,3),(452,4),(454,3),(455,3),(456,4),(457,4),(458,4),(460,4),(461,3),(462,4),(463,3),(466,4),(467,4),(469,3),(470,4),(472,3),(473,2),(475,4),(476,4),(477,4),(478,3),(479,2),(481,4),(482,4),(483,4),(485,4),(487,2),(490,3),(491,4),(493,4),(495,4),(497,3),(499,3),(500,3),(501,4),(503,3),(505,2),(506,4),(507,4),(508,4),(509,3),(510,4),(511,3),(512,3),(513,4),(514,4),(515,4),(517,4),(518,4),(521,3),(522,4),(523,2),(524,3),(526,3),(527,2),(529,4),(533,3),(535,2),(536,4),(537,4),(539,3),(541,2),(542,3),(544,3),(545,2),(547,3),(548,3),(549,4),(550,4),(551,2),(552,4),(553,2),(557,2),(559,3),(560,3),(561,4),(563,4),(565,2),(566,3),(569,4),(570,4),(571,4),(572,3),(573,4),(574,4),(575,2),(577,3),(578,3),(580,3),(581,2),(583,4),(584,4),(587,3),(589,3),(590,4),(592,3),(593,2),(595,2),(596,3),(598,4),(599,4),(601,2),(602,4),(604,3),(605,3),(607,3),(610,3),(611,4),(613,4),(614,4),(617,2),(619,4),(620,4),(623,2),(624,4),(625,4),(626,4),(628,3),(629,3),(631,4),(633,4),(634,3),(635,4),(636,4),(637,3),(638,4),(640,3),(641,4),(642,4),(643,2),(644,4),(646,4),(647,4),(649,3),(650,4),(651,4),(652,4),(653,2),(654,4),(655,4),(656,3),(658,3),(659,2),(661,2),(662,4),(663,4),(664,3),(665,3),(667,3),(668,3),(670,4),(671,3),(673,2),(674,3),(675,4),(676,3),(677,4),(679,3),(682,3),(683,2),(685,3),(686,3),(688,4),(689,2),(691,2),(692,3),(694,3),(695,2),(697,4),(698,4),(700,4),(701,4),(703,4),(706,4),(707,4),(708,4),(709,4),(710,4),(711,4),(712,4),(713,2),(715,2),(716,4),(717,4),(719,3),(720,4),(721,2),(722,3),(723,4),(725,3),(727,4),(728,4),(730,4),(731,2),(733,4),(735,4),(736,3),(737,3),(738,4),(739,3),(740,3),(741,4),(742,4),(743,2),(745,3),(746,3),(748,4),(749,4),(751,3),(752,4),(755,3),(757,4),(760,4),(761,2),(763,2),(766,4),(767,3),(769,2),(770,3),(771,4),(772,3),(773,2),(775,4),(776,3),(777,4),(778,4),(779,4),(781,3),(782,4),(783,4),(784,3),(785,4),(787,4),(788,4),(789,4),(791,3),(793,4),(795,4),(796,4),(797,4),(799,3),(803,3),(805,2),(806,4),(808,3),(809,2),(810,4),(811,2),(812,4),(814,3),(815,2),(816,4),(817,2),(818,3),(820,4),(821,4),(823,3),(827,2),(829,3),(830,4),(833,2),(835,4),(838,3),(839,2),(841,4),(844,3),(845,3),(846,4),(847,4),(848,4),(849,4),(850,4),(851,4),(853,2),(854,3),(857,3),(859,3),(861,4),(862,4),(863,3),(864,4),(865,2),(869,2),(871,4),(872,3),(874,4),(875,4),(877,2),(878,4),(880,3),(881,3),(883,2),(884,3),(886,4),(887,2),(888,4),(889,3),(892,3),(893,2),(895,3),(896,3),(899,3),(900,4),(901,3),(904,3),(905,2),(906,4),(907,3),(908,3),(910,4),(911,2),(912,4),(913,3),(914,4),(916,3),(917,2),(919,3),(920,4),(922,4),(923,2),(925,3),(926,4),(928,3),(929,2),(930,4),(931,4),(932,3),(935,3),(936,4),(937,4),(938,3),(940,4),(941,3),(943,4),(945,4),(947,3),(948,4),(949,3),(950,3),(952,3),(953,3),(955,4),(958,4),(959,4),(961,2),(962,3),(963,4),(964,4),(965,2),(967,3),(968,4),(970,4),(971,2),(973,3),(975,4),(976,4),(977,2),(978,4),(979,4),(983,3);
/*!40000 ALTER TABLE `house` ENABLE KEYS */;
UNLOCK TABLES;

--
-- Table structure for table `property`
--

DROP TABLE IF EXISTS `property`;
/*!40101 SET @saved_cs_client     = @@character_set_client */;
/*!40101 SET character_set_client = utf8 */;
CREATE TABLE `property` (
  `id` int(11) NOT NULL AUTO_INCREMENT,
  `PropertyType` char(1) NOT NULL DEFAULT 'H',
  `rent` smallint(6) DEFAULT NULL,
  `unitnum` smallint(6) DEFAULT NULL,
  `propertynum` smallint(6) NOT NULL,
  `street` varchar(50) NOT NULL,
  `suburb` varchar(50) NOT NULL,
  `postcode` char(4) NOT NULL,
  PRIMARY KEY (`id`),
  KEY `fk_Property_PropertyType1_idx` (`PropertyType`),
  CONSTRAINT `fk_Property_PropertyType1` FOREIGN KEY (`PropertyType`) REFERENCES `propertytype` (`id`) ON DELETE NO ACTION ON UPDATE NO ACTION
) ENGINE=InnoDB AUTO_INCREMENT=985 DEFAULT CHARSET=utf8;
/*!40101 SET character_set_client = @saved_cs_client */;

--
-- Dumping data for table `property`
--

LOCK TABLES `property` WRITE;
/*!40000 ALTER TABLE `property` DISABLE KEYS */;
INSERT INTO `property` VALUES (1,'H',394,NULL,39,'Napier lane','Fitzroy','3065'),(2,'H',404,NULL,97,'Charles place','Fitzroy','3065'),(3,'H',540,NULL,68,'Harrison place','Fitzroy','3065'),(4,'H',590,NULL,48,'Royal lane','Fitzroy','3065'),(5,'H',429,NULL,38,'Johnston street','Fitzroy','3065'),(6,'A',374,4,45,'Rodney place','Carlton','3053'),(7,'H',586,NULL,12,'Bouverie street','Carlton','3053'),(8,'S',107,NULL,26,'Kerr street','Fitzroy','3065'),(9,'A',378,4,93,'Highett place','Fitzroy','3065'),(10,'S',171,NULL,90,'Charles place','Fitzroy','3065'),(11,'H',421,NULL,71,'James street','Fitzroy','3065'),(12,'A',391,7,87,'Lygon street','Carlton','3053'),(13,'H',392,NULL,21,'Nicholls lane','Carlton','3053'),(14,'H',488,NULL,46,'Finlay place','Carlton','3053'),(15,'A',367,4,66,'Elliot street','Fitzroy','3065'),(16,'S',169,NULL,94,'Smith street','Fitzroy','3065'),(17,'H',443,NULL,70,'Cremorne street','Fitzroy','3065'),(18,'H',511,NULL,68,'Highett place','Fitzroy','3065'),(19,'H',325,NULL,31,'Charles place','Fitzroy','3065'),(20,'S',192,NULL,53,'Holmwood place','Carlton','3053'),(21,'A',387,9,73,'York place','Carlton','3053'),(22,'H',460,NULL,4,'Naughton place','Carlton','3053'),(23,'H',539,NULL,3,'Charles street','Carlton','3053'),(24,'A',414,3,5,'Napier place','Fitzroy','3065'),(25,'H',456,NULL,16,'Moor street','Fitzroy','3065'),(26,'H',437,NULL,66,'Gertrude street','Fitzroy','3065'),(27,'H',517,NULL,81,'Wood street','Fitzroy','3065'),(28,'S',174,NULL,10,'Macarthur place','Carlton','3053'),(29,'H',318,NULL,6,'Snowball lane','Carlton','3053'),(30,'A',471,1,98,'Little marion street','Fitzroy','3065'),(31,'H',500,NULL,76,'Hargreaves street','Fitzroy','3065'),(32,'H',487,NULL,87,'Moor street','Fitzroy','3065'),(33,'A',335,3,5,'Holmwood place','Carlton','3053'),(34,'H',515,NULL,65,'Naughton place','Carlton','3053'),(35,'H',372,NULL,10,'Union place','Carlton','3053'),(36,'A',316,2,54,'Keppel street','Carlton','3053'),(37,'H',464,NULL,43,'Highett place','Fitzroy','3065'),(38,'H',472,NULL,51,'Wood street','Fitzroy','3065'),(39,'A',369,4,28,'Little victoria street','Fitzroy','3065'),(40,'H',430,NULL,89,'Kay street','Carlton','3053'),(41,'H',442,NULL,62,'Macarthur place','Carlton','3053'),(42,'A',321,5,40,'Hargreaves street','Fitzroy','3065'),(43,'H',581,NULL,18,'Bell street','Fitzroy','3065'),(44,'H',443,NULL,70,'Kelvin place','Carlton','3053'),(45,'A',472,5,97,'Little palmerston street','Carlton','3053'),(46,'H',431,NULL,73,'University street','Carlton','3053'),(47,'H',442,NULL,75,'Henry street','Fitzroy','3065'),(48,'A',314,7,59,'Brunswick street','Fitzroy','3065'),(49,'H',547,NULL,69,'Cremorne street','Fitzroy','3065'),(50,'H',593,NULL,67,'Spring street','Fitzroy','3065'),(51,'A',425,3,28,'Mcdonald lane','Carlton','3053'),(52,'S',146,NULL,42,'Kay street','Carlton','3053'),(53,'H',454,NULL,25,'Malvina place','Carlton','3053'),(54,'A',335,3,10,'Carlton street','Carlton','3053'),(55,'H',314,NULL,25,'Brunswick street','Fitzroy','3065'),(56,'H',563,NULL,24,'Westgarth street','Fitzroy','3065'),(57,'A',376,6,46,'Leicester place','Carlton','3053'),(58,'H',491,NULL,61,'Little elgin street','Carlton','3053'),(59,'H',426,NULL,66,'David street','Carlton','3053'),(60,'A',358,1,48,'Magenta place','Carlton','3053'),(61,'H',511,NULL,44,'James street','Fitzroy','3065'),(62,'H',584,NULL,75,'Henry street','Fitzroy','3065'),(63,'A',485,9,45,'Finlay place','Carlton','3053'),(64,'S',175,NULL,98,'Argyle place','Carlton','3053'),(65,'H',420,NULL,58,'Malvina place','Carlton','3053'),(66,'A',375,3,97,'Little elgin street','Carlton','3053'),(67,'H',317,NULL,12,'Macarthur place','Carlton','3053'),(68,'H',458,NULL,70,'Spring street','Fitzroy','3065'),(69,'A',440,7,12,'Kent street','Fitzroy','3065'),(70,'H',528,NULL,51,'Leicester place','Carlton','3053'),(71,'H',419,NULL,21,'Magenta place','Carlton','3053'),(72,'H',512,NULL,51,'Lincoln square','Carlton','3053'),(73,'H',403,NULL,91,'Kelvin place','Carlton','3053'),(74,'H',480,NULL,4,'Macarthur place','Carlton','3053'),(75,'H',592,NULL,50,'Chummie place','Carlton','3053'),(76,'S',122,NULL,35,'Neill street','Carlton','3053'),(77,'H',433,NULL,25,'Keppel street','Carlton','3053'),(78,'A',300,7,23,'Lygon street','Carlton','3053'),(79,'H',500,NULL,38,'Argyle street','Fitzroy','3065'),(80,'H',400,NULL,23,'Leicester street','Fitzroy','3065'),(81,'H',503,NULL,99,'Bell street','Fitzroy','3065'),(82,'H',414,NULL,29,'St david street','Fitzroy','3065'),(83,'H',561,NULL,48,'Palmerston street','Carlton','3053'),(84,'A',364,4,55,'Little elgin street','Carlton','3053'),(85,'H',437,NULL,31,'Grattan street','Carlton','3053'),(86,'H',493,NULL,89,'Cremorne street','Fitzroy','3065'),(87,'H',555,NULL,53,'Argyle street','Fitzroy','3065'),(88,'S',197,NULL,99,'Gertrude street','Fitzroy','3065'),(89,'H',319,NULL,38,'Leicester place','Carlton','3053'),(90,'A',405,2,92,'Hanover street','Fitzroy','3065'),(91,'H',470,NULL,45,'Gore street','Fitzroy','3065'),(92,'H',537,NULL,51,'George street','Fitzroy','3065'),(93,'A',373,6,21,'Napier street','Fitzroy','3065'),(94,'H',553,NULL,53,'Cecil street','Fitzroy','3065'),(95,'H',449,NULL,1,'Westgarth street','Fitzroy','3065'),(96,'H',584,NULL,49,'Alexandra parade','Fitzroy','3065'),(97,'H',376,NULL,40,'Garfield street','Fitzroy','3065'),(98,'H',430,NULL,53,'Macarthur place','Carlton','3053'),(99,'A',419,7,46,'Little elgin street','Carlton','3053'),(100,'H',506,NULL,73,'Argyle place','Carlton','3053'),(101,'H',375,NULL,27,'Johnston street','Fitzroy','3065'),(102,'A',357,7,15,'Drummond place','Carlton','3053'),(103,'H',358,NULL,96,'Lygon street','Carlton','3053'),(104,'H',423,NULL,37,'Little elgin street','Carlton','3053'),(105,'A',438,4,97,'Leicester place','Carlton','3053'),(106,'S',125,NULL,73,'Lincoln square','Carlton','3053'),(107,'H',311,NULL,76,'Grattan street','Carlton','3053'),(108,'H',580,NULL,63,'Henry street','Fitzroy','3065'),(109,'H',466,NULL,84,'Bell street','Fitzroy','3065'),(110,'H',592,NULL,35,'Little elgin street','Carlton','3053'),(111,'A',361,1,22,'Orr street','Carlton','3053'),(112,'S',131,NULL,4,'Tyne street','Carlton','3053'),(113,'H',571,NULL,54,'Johnston street','Fitzroy','3065'),(114,'A',363,1,59,'Young street','Fitzroy','3065'),(115,'H',402,NULL,35,'Little gore street','Fitzroy','3065'),(116,'S',121,NULL,98,'Westgarth street','Fitzroy','3065'),(117,'A',400,7,87,'Cecil street','Fitzroy','3065'),(118,'H',436,NULL,38,'Leicester place','Carlton','3053'),(119,'H',383,NULL,32,'Little elgin street','Carlton','3053'),(120,'A',306,9,47,'Lincoln place','Carlton','3053'),(121,'H',380,NULL,40,'Henry street','Fitzroy','3065'),(122,'S',186,NULL,58,'Little elgin street','Carlton','3053'),(123,'A',488,2,72,'Faraday street','Carlton','3053'),(124,'S',184,NULL,85,'Lincoln square','Carlton','3053'),(125,'H',458,NULL,9,'Pitt street','Carlton','3053'),(126,'H',536,NULL,89,'Little elgin street','Carlton','3053'),(127,'H',406,NULL,22,'Macarthur place','Carlton','3053'),(128,'H',422,NULL,42,'Brunswick street','Fitzroy','3065'),(129,'H',595,NULL,44,'Garfield street','Fitzroy','3065'),(130,'H',507,NULL,93,'Finlay place','Carlton','3053'),(131,'H',453,NULL,37,'Macarthur place','Carlton','3053'),(132,'A',445,6,4,'David street','Carlton','3053'),(133,'H',564,NULL,10,'Argyle place','Carlton','3053'),(134,'H',588,NULL,39,'Astor place','Carlton','3053'),(135,'A',348,2,67,'Little elgin street','Carlton','3053'),(136,'H',576,NULL,16,'Barkly street','Carlton','3053'),(137,'H',336,NULL,79,'Palmerston place','Carlton','3053'),(138,'H',552,NULL,50,'Faraday street','Carlton','3053'),(139,'H',554,NULL,13,'Spring street','Fitzroy','3065'),(140,'H',514,NULL,13,'Westgarth street','Fitzroy','3065'),(141,'A',310,4,28,'David street','Carlton','3053'),(142,'S',109,NULL,2,'Drummond place','Carlton','3053'),(143,'H',313,NULL,25,'Napier street','Fitzroy','3065'),(144,'A',341,5,22,'George street','Fitzroy','3065'),(145,'H',466,NULL,35,'Gertrude street','Fitzroy','3065'),(146,'H',408,NULL,8,'Little elgin street','Carlton','3053'),(147,'A',341,4,37,'Church street','Carlton','3053'),(148,'H',482,NULL,59,'Pitt street','Carlton','3053'),(149,'H',489,NULL,87,'Faraday street','Carlton','3053'),(150,'A',399,4,56,'Little charles street','Fitzroy','3065'),(151,'H',527,NULL,20,'Pitt street','Carlton','3053'),(152,'H',540,NULL,33,'Cardigan street','Carlton','3053'),(153,'H',518,NULL,4,'Palmerston place','Carlton','3053'),(154,'S',170,NULL,23,'Napier street','Fitzroy','3065'),(155,'H',596,NULL,5,'Johnston street','Fitzroy','3065'),(156,'A',371,7,53,'Moor street','Fitzroy','3065'),(157,'H',369,NULL,53,'David street','Carlton','3053'),(158,'H',432,NULL,7,'Tyne street','Carlton','3053'),(159,'A',455,4,74,'Argyle place','Carlton','3053'),(160,'S',179,NULL,52,'Charles street','Carlton','3053'),(161,'H',531,NULL,38,'Pitt street','Carlton','3053'),(162,'A',319,1,36,'Argyle street','Fitzroy','3065'),(163,'H',303,NULL,64,'Canning street','Carlton','3053'),(164,'H',559,NULL,13,'Nicholson street','Fitzroy','3065'),(165,'A',385,4,76,'Gore street','Fitzroy','3065'),(166,'H',550,NULL,38,'Tyne street','Carlton','3053'),(167,'H',393,NULL,63,'Argyle place','Carlton','3053'),(168,'A',317,7,4,'Cecil street','Fitzroy','3065'),(169,'H',406,NULL,28,'John street','Fitzroy','3065'),(170,'H',482,NULL,32,'Keppel street','Carlton','3053'),(171,'H',590,NULL,74,'Palmerston place','Carlton','3053'),(172,'S',106,NULL,77,'Owen street','Carlton','3053'),(173,'H',360,NULL,62,'Westgarth street','Fitzroy','3065'),(174,'H',583,NULL,79,'Nicholson street','Fitzroy','3065'),(175,'H',336,NULL,11,'Spring street','Fitzroy','3065'),(176,'H',529,NULL,16,'Tyne street','Carlton','3053'),(177,'A',439,4,50,'Macarthur place','Carlton','3053'),(178,'S',108,NULL,10,'Pitt street','Carlton','3053'),(179,'H',524,NULL,53,'Earl street','Carlton','3053'),(180,'A',495,7,66,'Queensberry street','Carlton','3053'),(181,'H',305,NULL,69,'Moor street','Fitzroy','3065'),(182,'S',140,NULL,49,'Macarthur place','Carlton','3053'),(183,'A',486,5,40,'Palmerston place','Carlton','3053'),(184,'H',512,NULL,52,'Keppel street','Carlton','3053'),(185,'H',501,NULL,43,'Elgin street','Carlton','3053'),(186,'A',369,5,57,'Canning street','Carlton','3053'),(187,'H',341,NULL,57,'Napier street','Fitzroy','3065'),(188,'S',102,NULL,14,'John street','Fitzroy','3065'),(189,'A',486,1,1,'Westgarth street','Fitzroy','3065'),(190,'S',123,NULL,62,'Macarthur place','Carlton','3053'),(191,'H',461,NULL,10,'Kay street','Carlton','3053'),(192,'A',433,8,63,'Alexandra parade','Fitzroy','3065'),(193,'H',484,NULL,85,'Neill street','Carlton','3053'),(194,'H',522,NULL,36,'Little victoria street','Fitzroy','3065'),(195,'H',556,NULL,27,'St david street','Fitzroy','3065'),(196,'S',117,NULL,25,'Brunswick street','Fitzroy','3065'),(197,'H',516,NULL,47,'Lincoln square','Carlton','3053'),(198,'A',430,1,61,'Owen street','Carlton','3053'),(199,'H',302,NULL,62,'Argyle street','Fitzroy','3065'),(200,'H',520,NULL,28,'Barry street','Carlton','3053'),(201,'A',494,7,53,'Kay street','Carlton','3053'),(202,'S',109,NULL,84,'Cecil street','Fitzroy','3065'),(203,'H',366,NULL,61,'Little victoria street','Fitzroy','3065'),(204,'A',305,3,54,'Chapel street','Fitzroy','3065'),(205,'H',425,NULL,87,'Napier street','Fitzroy','3065'),(206,'S',112,NULL,76,'Barkly street','Carlton','3053'),(207,'H',585,NULL,16,'Tyne street','Carlton','3053'),(208,'H',490,NULL,53,'Kay street','Carlton','3053'),(209,'H',396,NULL,16,'Bell street','Fitzroy','3065'),(210,'H',508,NULL,23,'Chapel street','Fitzroy','3065'),(211,'H',455,NULL,68,'Macarthur place','Carlton','3053'),(212,'H',450,NULL,71,'Barkly street','Carlton','3053'),(213,'H',587,NULL,50,'Cecil street','Fitzroy','3065'),(214,'S',186,NULL,37,'Hanover street','Fitzroy','3065'),(215,'H',470,NULL,36,'Little victoria street','Fitzroy','3065'),(216,'H',590,NULL,68,'Smith street','Fitzroy','3065'),(217,'H',342,NULL,35,'Macarthur place','Carlton','3053'),(218,'H',541,NULL,69,'Drummond street','Carlton','3053'),(219,'A',477,4,44,'Greeves street','Fitzroy','3065'),(220,'H',465,NULL,11,'Moor street','Fitzroy','3065'),(221,'H',595,NULL,22,'Macarthur place','Carlton','3053'),(222,'A',382,1,79,'Regent street','Fitzroy','3065'),(223,'H',422,NULL,30,'Bell street','Fitzroy','3065'),(224,'S',165,NULL,11,'Macarthur place','Carlton','3053'),(225,'H',558,NULL,69,'George street','Fitzroy','3065'),(226,'H',497,NULL,10,'Little charles street','Fitzroy','3065'),(227,'H',510,NULL,44,'Greeves street','Fitzroy','3065'),(228,'A',460,5,92,'Napier street','Fitzroy','3065'),(229,'H',469,NULL,27,'Smith street','Fitzroy','3065'),(230,'S',166,NULL,58,'Greeves street','Fitzroy','3065'),(231,'A',425,3,13,'Macarthur place','Carlton','3053'),(232,'H',428,NULL,88,'Faraday street','Carlton','3053'),(233,'H',563,NULL,4,'Greeves street','Fitzroy','3065'),(234,'A',335,8,57,'Napier street','Fitzroy','3065'),(235,'H',583,NULL,73,'Bell street','Fitzroy','3065'),(236,'H',412,NULL,96,'Rathdowne street','Carlton','3053'),(237,'A',309,3,60,'Cardigan street','Carlton','3053'),(238,'S',112,NULL,13,'Pitt street','Carlton','3053'),(239,'H',333,NULL,86,'Gertrude street','Fitzroy','3065'),(240,'A',432,1,93,'Little victoria street','Fitzroy','3065'),(241,'H',558,NULL,6,'Webb street','Fitzroy','3065'),(242,'H',594,NULL,51,'Napier street','Fitzroy','3065'),(243,'A',399,8,40,'Little napier street','Fitzroy','3065'),(244,'H',511,NULL,45,'Little george street','Fitzroy','3065'),(245,'H',461,NULL,8,'Marion street','Fitzroy','3065'),(246,'A',470,7,5,'Webb street','Fitzroy','3065'),(247,'H',369,NULL,2,'Napier street','Fitzroy','3065'),(248,'H',433,NULL,94,'Barry street','Carlton','3053'),(249,'A',460,2,66,'Johnston street','Fitzroy','3065'),(250,'H',403,NULL,49,'Little gore street','Fitzroy','3065'),(251,'H',334,NULL,45,'Macarthur place','Carlton','3053'),(252,'A',462,8,79,'Pitt street','Carlton','3053'),(253,'H',408,NULL,61,'Barkly street','Carlton','3053'),(254,'S',155,NULL,70,'Little smith street','Fitzroy','3065'),(255,'H',552,NULL,66,'Chapel street','Fitzroy','3065'),(256,'H',496,NULL,21,'Nicholson street','Carlton','3053'),(257,'H',526,NULL,8,'Palmerston street','Carlton','3053'),(258,'H',540,NULL,76,'Little gore street','Fitzroy','3065'),(259,'H',522,NULL,56,'Johnston street','Fitzroy','3065'),(260,'S',191,NULL,51,'Rathdowne street','Carlton','3053'),(261,'A',388,4,90,'Macarthur place','Carlton','3053'),(262,'H',467,NULL,97,'Palmerston street','Carlton','3053'),(263,'H',573,NULL,17,'Canning street','Carlton','3053'),(264,'H',565,NULL,94,'Moor street','Fitzroy','3065'),(265,'H',508,NULL,19,'George street','Fitzroy','3065'),(266,'H',544,NULL,14,'Argyle street','Fitzroy','3065'),(267,'H',597,NULL,15,'Barkly street','Carlton','3053'),(268,'H',452,NULL,31,'Macarthur place','Carlton','3053'),(269,'H',470,NULL,10,'Webb street','Fitzroy','3065'),(270,'A',395,7,58,'Little gore street','Fitzroy','3065'),(271,'H',565,NULL,59,'Little charles street','Fitzroy','3065'),(272,'H',441,NULL,22,'Gertrude street','Fitzroy','3065'),(273,'H',511,NULL,33,'Westgarth street','Fitzroy','3065'),(274,'S',133,NULL,1,'Barkly street','Carlton','3053'),(275,'H',430,NULL,7,'Marion street','Fitzroy','3065'),(276,'H',553,NULL,30,'Napier street','Fitzroy','3065'),(277,'H',574,NULL,33,'Little smith street','Fitzroy','3065'),(278,'S',114,NULL,73,'Bell street','Fitzroy','3065'),(279,'A',449,3,68,'Webb street','Fitzroy','3065'),(280,'H',402,NULL,23,'Johnston street','Fitzroy','3065'),(281,'H',364,NULL,9,'Macarthur place','Carlton','3053'),(282,'A',315,4,78,'Pelham street','Carlton','3053'),(283,'H',481,NULL,62,'Smith street','Fitzroy','3065'),(284,'H',563,NULL,78,'Dorrit street','Carlton','3053'),(285,'A',474,1,4,'Webb street','Fitzroy','3065'),(286,'S',179,NULL,86,'Little charles street','Fitzroy','3065'),(287,'H',472,NULL,19,'Cecil street','Fitzroy','3065'),(288,'A',326,4,39,'Victoria place','Carlton','3053'),(289,'H',514,NULL,39,'Canning street','Carlton','3053'),(290,'S',194,NULL,78,'Victoria street','Carlton','3053'),(291,'A',425,9,74,'Pelham street','Carlton','3053'),(292,'S',147,NULL,34,'Station street','Carlton','3053'),(293,'H',460,NULL,51,'Macarthur place','Carlton','3053'),(294,'A',360,2,51,'Pitt street','Carlton','3053'),(295,'H',418,NULL,5,'George street','Fitzroy','3065'),(296,'H',412,NULL,71,'Macarthur place','Carlton','3053'),(297,'H',507,NULL,41,'Nicholson street','Carlton','3053'),(298,'H',400,NULL,92,'Cardigan street','Carlton','3053'),(299,'H',479,NULL,40,'Faraday street','Carlton','3053'),(300,'H',594,NULL,23,'Victoria street','Fitzroy','3065'),(301,'H',332,NULL,94,'Westgarth street','Fitzroy','3065'),(302,'H',482,NULL,4,'Carlton street','Carlton','3053'),(303,'H',514,NULL,36,'Macarthur place','Carlton','3053'),(304,'H',526,NULL,69,'Smith street','Fitzroy','3065'),(305,'H',485,NULL,37,'Westgarth street','Fitzroy','3065'),(306,'H',551,NULL,79,'Drummond street','Carlton','3053'),(307,'H',399,NULL,87,'Macarthur place','Carlton','3053'),(308,'S',142,NULL,96,'Barkly street','Carlton','3053'),(309,'H',512,NULL,18,'Station street','Carlton','3053'),(310,'S',135,NULL,4,'Argyle street','Fitzroy','3065'),(311,'H',439,NULL,68,'Keppel street','Carlton','3053'),(312,'H',590,NULL,26,'Leicester street','Carlton','3053'),(313,'H',435,NULL,28,'Pelham street','Carlton','3053'),(314,'H',406,NULL,60,'Hanover street','Fitzroy','3065'),(315,'A',425,2,19,'George street','Fitzroy','3065'),(316,'S',106,NULL,14,'Macarthur place','Carlton','3053'),(317,'H',558,NULL,15,'Condell street','Fitzroy','3065'),(318,'A',373,8,31,'Rose street','Fitzroy','3065'),(319,'H',490,NULL,12,'Argyle street','Fitzroy','3065'),(320,'H',431,NULL,69,'Grattan street','Carlton','3053'),(321,'A',384,2,8,'Macarthur place','Carlton','3053'),(322,'S',129,NULL,35,'Leicester street','Fitzroy','3065'),(323,'H',493,NULL,51,'Victoria street','Fitzroy','3065'),(324,'H',579,NULL,49,'Barkly street','Carlton','3053'),(325,'H',516,NULL,93,'Elgin street','Carlton','3053'),(326,'H',542,NULL,19,'Nicholson street','Carlton','3053'),(327,'H',566,NULL,14,'Macarthur place','Carlton','3053'),(328,'S',101,NULL,16,'Queensberry street','Carlton','3053'),(329,'H',408,NULL,38,'Kerr street','Fitzroy','3065'),(330,'H',538,NULL,44,'Little george street','Fitzroy','3065'),(331,'H',566,NULL,4,'Smith street','Fitzroy','3065'),(332,'S',119,NULL,90,'Macarthur place','Carlton','3053'),(333,'A',496,9,37,'Little george street','Fitzroy','3065'),(334,'S',124,NULL,17,'Grattan street','Carlton','3053'),(335,'H',431,NULL,76,'Macarthur place','Carlton','3053'),(336,'H',586,NULL,27,'Elgin street','Carlton','3053'),(337,'H',438,NULL,9,'Keppel street','Carlton','3053'),(338,'H',430,NULL,65,'Leicester street','Fitzroy','3065'),(339,'H',536,NULL,96,'Little george street','Fitzroy','3065'),(340,'H',490,NULL,88,'Brunswick street','Fitzroy','3065'),(341,'H',545,NULL,53,'Leicester street','Fitzroy','3065'),(342,'A',354,9,1,'Westgarth street','Fitzroy','3065'),(343,'H',436,NULL,48,'Keppel street','Carlton','3053'),(344,'H',517,NULL,36,'Pelham street','Carlton','3053'),(345,'A',379,7,38,'Drummond street','Carlton','3053'),(346,'S',144,NULL,83,'Napier street','Fitzroy','3065'),(347,'H',582,NULL,10,'Fitzroy street','Fitzroy','3065'),(348,'A',381,1,53,'Hanover street','Fitzroy','3065'),(349,'H',460,NULL,64,'Station street','Carlton','3053'),(350,'H',558,NULL,63,'Queensberry street','Carlton','3053'),(351,'H',511,NULL,25,'Bell street','Fitzroy','3065'),(352,'H',582,NULL,33,'Webb street','Fitzroy','3065'),(353,'H',475,NULL,93,'Gertrude street','Fitzroy','3065'),(354,'A',329,1,67,'Kay street','Carlton','3053'),(355,'H',519,NULL,56,'Queensberry street','Carlton','3053'),(356,'H',412,NULL,81,'Argyle street','Fitzroy','3065'),(357,'H',503,NULL,37,'Neill street','Carlton','3053'),(358,'S',180,NULL,42,'Macarthur place','Carlton','3053'),(359,'H',391,NULL,1,'Station street','Carlton','3053'),(360,'H',514,NULL,80,'Bouverie street','Carlton','3053'),(361,'H',496,NULL,97,'Charles street','Fitzroy','3065'),(362,'S',142,NULL,47,'Johnston street','Fitzroy','3065'),(363,'H',519,NULL,43,'Faraday street','Carlton','3053'),(364,'S',172,NULL,76,'Little george street','Fitzroy','3065'),(365,'H',302,NULL,51,'Charles street','Fitzroy','3065'),(366,'A',397,9,26,'Webb street','Fitzroy','3065'),(367,'H',478,NULL,77,'Grattan street','Carlton','3053'),(368,'S',100,NULL,6,'Neill street','Carlton','3053'),(369,'A',366,5,3,'Nicholson street','Carlton','3053'),(370,'S',132,NULL,96,'King william street','Fitzroy','3065'),(371,'H',561,NULL,74,'Webb street','Fitzroy','3065'),(372,'A',309,7,80,'Johnston street','Fitzroy','3065'),(373,'H',465,NULL,78,'Rathdowne street','Carlton','3053'),(374,'H',498,NULL,51,'Neill street','Carlton','3053'),(375,'A',495,3,24,'Faraday street','Carlton','3053'),(376,'S',181,NULL,65,'Johnston street','Fitzroy','3065'),(377,'H',420,NULL,53,'Bell street','Fitzroy','3065'),(378,'A',359,5,70,'Cardigan street','Carlton','3053'),(379,'H',536,NULL,93,'Westgarth street','Fitzroy','3065'),(380,'H',401,NULL,53,'Moor street','Fitzroy','3065'),(381,'A',400,7,89,'Kay street','Carlton','3053'),(382,'H',497,NULL,86,'Smith street','Fitzroy','3065'),(383,'H',386,NULL,62,'Gertrude street','Fitzroy','3065'),(384,'A',440,1,51,'Station street','Carlton','3053'),(385,'H',441,NULL,73,'St david street','Fitzroy','3065'),(386,'H',588,NULL,10,'Moor street','Fitzroy','3065'),(387,'A',414,1,34,'Elgin street','Carlton','3053'),(388,'S',110,NULL,37,'Moor street','Fitzroy','3065'),(389,'H',307,NULL,87,'Nicholson street','Carlton','3053'),(390,'A',305,1,23,'Elgin street','Carlton','3053'),(391,'H',303,NULL,55,'Nicholson street','Fitzroy','3065'),(392,'S',101,NULL,7,'Charles street','Fitzroy','3065'),(393,'H',598,NULL,72,'Faraday street','Carlton','3053'),(394,'H',586,NULL,36,'Neill street','Carlton','3053'),(395,'H',539,NULL,67,'Queensberry street','Carlton','3053'),(396,'A',335,1,25,'Greeves street','Fitzroy','3065'),(397,'H',358,NULL,25,'Nicholson street','Carlton','3053'),(398,'H',487,NULL,53,'Neill street','Carlton','3053'),(399,'A',462,5,89,'King william street','Fitzroy','3065'),(400,'H',547,NULL,86,'Bell street','Fitzroy','3065'),(401,'H',453,NULL,65,'Kerr street','Fitzroy','3065'),(402,'A',322,4,66,'Cecil street','Fitzroy','3065'),(403,'H',551,NULL,35,'Palmerston street','Carlton','3053'),(404,'H',588,NULL,77,'Kay street','Carlton','3053'),(405,'A',390,4,80,'Bell street','Fitzroy','3065'),(406,'H',487,NULL,70,'St david street','Fitzroy','3065'),(407,'H',364,NULL,13,'Kay street','Carlton','3053'),(408,'A',362,7,52,'Barkly street','Carlton','3053'),(409,'H',417,NULL,25,'Faraday street','Carlton','3053'),(410,'S',199,NULL,66,'Moor street','Fitzroy','3065'),(411,'A',444,6,59,'Kerr street','Fitzroy','3065'),(412,'H',425,NULL,96,'Greeves street','Fitzroy','3065'),(413,'H',492,NULL,4,'Nicholson street','Carlton','3053'),(414,'H',587,NULL,32,'Charles street','Fitzroy','3065'),(415,'H',559,NULL,49,'Canning street','Carlton','3053'),(416,'H',435,NULL,50,'Barkly street','Carlton','3053'),(417,'A',497,1,3,'Moor street','Fitzroy','3065'),(418,'H',583,NULL,67,'Brunswick street','Fitzroy','3065'),(419,'H',522,NULL,26,'Westgarth street','Fitzroy','3065'),(420,'H',562,NULL,30,'Johnston street','Fitzroy','3065'),(421,'H',346,NULL,72,'Princes street','Carlton','3053'),(422,'S',143,NULL,69,'Cardigan street','Carlton','3053'),(423,'A',380,2,30,'Nicholson street','Carlton','3053'),(424,'H',569,NULL,46,'Keppel street','Carlton','3053'),(425,'H',506,NULL,37,'Kay street','Carlton','3053'),(426,'H',525,NULL,50,'Elgin street','Carlton','3053'),(427,'H',508,NULL,39,'Barkly street','Carlton','3053'),(428,'S',166,NULL,47,'Cecil street','Fitzroy','3065'),(429,'A',307,1,19,'St david street','Fitzroy','3065'),(430,'H',436,NULL,52,'Pelham street','Carlton','3053'),(431,'H',361,NULL,7,'Johnston street','Fitzroy','3065'),(432,'A',497,5,76,'Palmerston street','Carlton','3053'),(433,'H',500,NULL,59,'Gore street','Fitzroy','3065'),(434,'H',412,NULL,71,'Cardigan street','Carlton','3053'),(435,'H',559,NULL,75,'Rathdowne street','Carlton','3053'),(436,'S',159,NULL,64,'Canning street','Carlton','3053'),(437,'H',417,NULL,97,'Gertrude street','Fitzroy','3065'),(438,'A',412,5,93,'Elgin street','Carlton','3053'),(439,'H',507,NULL,73,'Webb street','Fitzroy','3065'),(440,'H',402,NULL,88,'Nicholson street','Carlton','3053'),(441,'A',490,1,19,'Princes street','Carlton','3053'),(442,'S',143,NULL,34,'Kay street','Carlton','3053'),(443,'H',547,NULL,14,'George street','Fitzroy','3065'),(444,'H',505,NULL,65,'Drummond street','Carlton','3053'),(445,'H',586,NULL,87,'George street','Fitzroy','3065'),(446,'H',514,NULL,41,'Brunswick street','Fitzroy','3065'),(447,'H',512,NULL,42,'Lygon street','Carlton','3053'),(448,'H',420,NULL,88,'Faraday street','Carlton','3053'),(449,'H',566,NULL,15,'Drummond street','Carlton','3053'),(450,'A',368,1,11,'Webb street','Fitzroy','3065'),(451,'H',444,NULL,13,'Drummond street','Carlton','3053'),(452,'H',515,NULL,29,'Keppel street','Carlton','3053'),(453,'A',344,3,9,'Queensberry street','Carlton','3053'),(454,'H',476,NULL,59,'Smith street','Fitzroy','3065'),(455,'H',446,NULL,69,'Cardigan street','Carlton','3053'),(456,'H',506,NULL,66,'Lygon street','Carlton','3053'),(457,'H',590,NULL,23,'Elgin street','Carlton','3053'),(458,'H',534,NULL,17,'Cardigan street','Carlton','3053'),(459,'A',301,1,16,'Queensberry street','Carlton','3053'),(460,'H',501,NULL,33,'Kay street','Carlton','3053'),(461,'H',405,NULL,14,'George street','Fitzroy','3065'),(462,'H',523,NULL,72,'St david street','Fitzroy','3065'),(463,'H',498,NULL,18,'Cardigan street','Carlton','3053'),(464,'S',123,NULL,75,'Gore street','Fitzroy','3065'),(465,'A',422,1,21,'Faraday street','Carlton','3053'),(466,'H',541,NULL,82,'Pelham street','Carlton','3053'),(467,'H',540,NULL,45,'Rose street','Fitzroy','3065'),(468,'A',477,8,83,'Gore street','Fitzroy','3065'),(469,'H',465,NULL,78,'Leicester street','Fitzroy','3065'),(470,'H',595,NULL,42,'Webb street','Fitzroy','3065'),(471,'A',380,7,76,'Brunswick street','Fitzroy','3065'),(472,'H',415,NULL,55,'Cecil street','Fitzroy','3065'),(473,'H',335,NULL,48,'Palmerston street','Carlton','3053'),(474,'A',431,1,76,'Canning street','Carlton','3053'),(475,'H',550,NULL,38,'Faraday street','Carlton','3053'),(476,'H',560,NULL,61,'Greeves street','Fitzroy','3065'),(477,'H',547,NULL,92,'Gore street','Fitzroy','3065'),(478,'H',458,NULL,77,'Webb street','Fitzroy','3065'),(479,'H',349,NULL,10,'Elgin street','Carlton','3053'),(480,'A',371,2,21,'Station street','Carlton','3053'),(481,'H',511,NULL,73,'Charles street','Fitzroy','3065'),(482,'H',540,NULL,3,'Barkly street','Carlton','3053'),(483,'H',569,NULL,96,'Station street','Carlton','3053'),(484,'S',123,NULL,73,'Kay street','Carlton','3053'),(485,'H',509,NULL,79,'Grattan street','Carlton','3053'),(486,'A',377,1,75,'Elgin street','Carlton','3053'),(487,'H',359,NULL,36,'Station street','Carlton','3053'),(488,'S',162,NULL,59,'Station street','Carlton','3053'),(489,'A',435,8,85,'Barkly street','Carlton','3053'),(490,'H',491,NULL,51,'Westgarth street','Fitzroy','3065'),(491,'H',549,NULL,97,'Keppel street','Carlton','3053'),(492,'A',375,9,36,'Lygon street','Carlton','3053'),(493,'H',526,NULL,87,'Faraday street','Carlton','3053'),(494,'S',108,NULL,30,'Canning street','Carlton','3053'),(495,'H',559,NULL,90,'St david street','Fitzroy','3065'),(496,'S',174,NULL,60,'Argyle street','Fitzroy','3065'),(497,'H',491,NULL,31,'Fitzroy street','Fitzroy','3065'),(498,'A',435,2,73,'Smith street','Fitzroy','3065'),(499,'H',404,NULL,74,'Cecil street','Fitzroy','3065'),(500,'H',415,NULL,50,'Barkly street','Carlton','3053'),(501,'H',565,NULL,28,'Station street','Carlton','3053'),(502,'S',177,NULL,91,'Gore street','Fitzroy','3065'),(503,'H',492,NULL,70,'Alexandra parade','Fitzroy','3065'),(504,'A',430,2,81,'Lygon street','Carlton','3053'),(505,'H',374,NULL,92,'Greeves street','Fitzroy','3065'),(506,'H',580,NULL,20,'Station street','Carlton','3053'),(507,'H',579,NULL,23,'Barkly street','Carlton','3053'),(508,'H',556,NULL,55,'Princes street','Carlton','3053'),(509,'H',441,NULL,8,'Elgin street','Carlton','3053'),(510,'H',540,NULL,76,'Drummond street','Carlton','3053'),(511,'H',476,NULL,56,'Rose street','Fitzroy','3065'),(512,'H',459,NULL,51,'Gertrude street','Fitzroy','3065'),(513,'H',569,NULL,90,'Drummond street','Carlton','3053'),(514,'H',569,NULL,99,'Station street','Carlton','3053'),(515,'H',537,NULL,22,'Station street','Carlton','3053'),(516,'A',379,6,13,'Palmerston street','Carlton','3053'),(517,'H',586,NULL,1,'Kay street','Carlton','3053'),(518,'H',592,NULL,64,'Gore street','Fitzroy','3065'),(519,'A',303,3,20,'Fitzroy street','Fitzroy','3065'),(520,'S',141,NULL,9,'Smith street','Fitzroy','3065'),(521,'H',494,NULL,87,'Station street','Carlton','3053'),(522,'H',550,NULL,5,'Bouverie street','Carlton','3053'),(523,'H',368,NULL,65,'Cardigan street','Carlton','3053'),(524,'H',490,NULL,10,'Westgarth street','Fitzroy','3065'),(525,'A',446,8,57,'Fitzroy street','Fitzroy','3065'),(526,'H',460,NULL,57,'Little smith street','Fitzroy','3065'),(527,'H',364,NULL,13,'Johnston street','Fitzroy','3065'),(528,'A',440,1,95,'Berkeley street','Carlton','3053'),(529,'H',509,NULL,35,'Bouverie street','Carlton','3053'),(530,'S',124,NULL,89,'Rathdowne street','Carlton','3053'),(531,'A',393,3,44,'Leicester street','Fitzroy','3065'),(532,'S',194,NULL,51,'Westgarth street','Fitzroy','3065'),(533,'H',490,NULL,26,'Little smith street','Fitzroy','3065'),(534,'A',372,2,76,'Rose street','Fitzroy','3065'),(535,'H',388,NULL,4,'Lygon street','Carlton','3053'),(536,'H',527,NULL,90,'Station street','Carlton','3053'),(537,'H',570,NULL,41,'George street','Fitzroy','3065'),(538,'S',168,NULL,34,'Leicester street','Fitzroy','3065'),(539,'H',431,NULL,46,'Lygon street','Carlton','3053'),(540,'A',452,1,31,'Gertrude street','Fitzroy','3065'),(541,'H',370,NULL,15,'Moor street','Fitzroy','3065'),(542,'H',491,NULL,85,'Brunswick street','Fitzroy','3065'),(543,'A',447,6,81,'George street','Fitzroy','3065'),(544,'H',460,NULL,51,'Rose street','Fitzroy','3065'),(545,'H',362,NULL,13,'Westgarth street','Fitzroy','3065'),(546,'A',431,1,10,'Queensberry street','Carlton','3053'),(547,'H',470,NULL,13,'Napier street','Fitzroy','3065'),(548,'H',456,NULL,35,'Canning street','Carlton','3053'),(549,'H',572,NULL,35,'Elgin street','Carlton','3053'),(550,'H',593,NULL,70,'Moor street','Fitzroy','3065'),(551,'H',350,NULL,49,'Fitzroy street','Fitzroy','3065'),(552,'H',570,NULL,32,'Rose street','Fitzroy','3065'),(553,'H',302,NULL,16,'Lygon street','Carlton','3053'),(554,'S',199,NULL,85,'Napier street','Fitzroy','3065'),(555,'A',490,1,77,'Berkeley street','Carlton','3053'),(556,'S',155,NULL,32,'Smith street','Fitzroy','3065'),(557,'H',305,NULL,29,'Leicester street','Fitzroy','3065'),(558,'A',461,7,50,'Rathdowne street','Carlton','3053'),(559,'H',488,NULL,64,'Elgin street','Carlton','3053'),(560,'H',458,NULL,71,'George street','Fitzroy','3065'),(561,'H',528,NULL,64,'Moor street','Fitzroy','3065'),(562,'S',168,NULL,6,'Queensberry street','Carlton','3053'),(563,'H',553,NULL,41,'Gertrude street','Fitzroy','3065'),(564,'A',465,3,86,'Queensberry street','Carlton','3053'),(565,'H',364,NULL,6,'Leicester street','Carlton','3053'),(566,'H',426,NULL,73,'Barkly street','Carlton','3053'),(567,'A',437,5,46,'Lygon street','Carlton','3053'),(568,'S',109,NULL,14,'Moor street','Fitzroy','3065'),(569,'H',535,NULL,30,'Napier street','Fitzroy','3065'),(570,'H',548,NULL,10,'Victoria parade','Fitzroy','3065'),(571,'H',534,NULL,61,'Moor street','Fitzroy','3065'),(572,'H',428,NULL,77,'George street','Fitzroy','3065'),(573,'H',539,NULL,10,'Drummond street','Carlton','3053'),(574,'H',512,NULL,71,'Faraday street','Carlton','3053'),(575,'H',341,NULL,53,'Barkly street','Carlton','3053'),(576,'A',470,7,55,'Brunswick street','Fitzroy','3065'),(577,'H',430,NULL,16,'Gore street','Fitzroy','3065'),(578,'H',438,NULL,15,'Elgin street','Carlton','3053'),(579,'A',301,1,27,'Berkeley street','Carlton','3053'),(580,'H',493,NULL,93,'Smith street','Fitzroy','3065'),(581,'H',360,NULL,82,'Moor street','Fitzroy','3065'),(582,'A',324,9,31,'George street','Fitzroy','3065'),(583,'H',538,NULL,11,'Lygon street','Carlton','3053'),(584,'H',517,NULL,61,'Johnston street','Fitzroy','3065'),(585,'A',375,8,73,'Barkly street','Carlton','3053'),(586,'S',125,NULL,85,'Brunswick street','Fitzroy','3065'),(587,'H',499,NULL,4,'Argyle street','Fitzroy','3065'),(588,'A',323,1,65,'Barkly street','Carlton','3053'),(589,'H',415,NULL,14,'Napier street','Fitzroy','3065'),(590,'H',510,NULL,77,'Victoria parade','Fitzroy','3065'),(591,'A',403,1,42,'Palmerston street','Carlton','3053'),(592,'H',486,NULL,79,'Argyle street','Fitzroy','3065'),(593,'H',320,NULL,68,'Napier street','Fitzroy','3065'),(594,'A',444,3,6,'Westgarth street','Fitzroy','3065'),(595,'H',362,NULL,27,'Victoria parade','Fitzroy','3065'),(596,'H',478,NULL,16,'Argyle street','Fitzroy','3065'),(597,'A',406,2,10,'Westgarth street','Fitzroy','3065'),(598,'H',595,NULL,51,'Kerr street','Fitzroy','3065'),(599,'H',558,NULL,57,'Victoria parade','Fitzroy','3065'),(600,'A',403,1,32,'Faraday street','Carlton','3053'),(601,'H',344,NULL,88,'Station street','Carlton','3053'),(602,'H',512,NULL,45,'Cecil street','Fitzroy','3065'),(603,'A',329,2,63,'Fitzroy street','Fitzroy','3065'),(604,'H',410,NULL,81,'Kerr street','Fitzroy','3065'),(605,'H',462,NULL,17,'Johnston street','Fitzroy','3065'),(606,'A',480,6,42,'Drummond street','Carlton','3053'),(607,'H',413,NULL,60,'Palmerston street','Carlton','3053'),(608,'S',127,NULL,74,'Victoria parade','Fitzroy','3065'),(609,'A',396,5,89,'Faraday street','Carlton','3053'),(610,'H',401,NULL,23,'Leicester street','Carlton','3053'),(611,'H',518,NULL,48,'Westgarth street','Fitzroy','3065'),(612,'A',485,9,72,'Faraday street','Carlton','3053'),(613,'H',571,NULL,17,'Faraday street','Carlton','3053'),(614,'H',501,NULL,68,'Napier street','Fitzroy','3065'),(615,'A',493,1,91,'Rathdowne street','Carlton','3053'),(616,'S',164,NULL,49,'Elgin street','Carlton','3053'),(617,'H',341,NULL,74,'Station street','Carlton','3053'),(618,'A',314,7,25,'Gertrude street','Fitzroy','3065'),(619,'H',547,NULL,2,'Rose street','Fitzroy','3065'),(620,'H',595,NULL,37,'Pelham street','Carlton','3053'),(621,'A',435,4,77,'Westgarth street','Fitzroy','3065'),(622,'S',190,NULL,78,'Pelham street','Carlton','3053'),(623,'H',346,NULL,56,'Nicholson street','Carlton','3053'),(624,'H',559,NULL,47,'Fitzroy street','Fitzroy','3065'),(625,'H',560,NULL,70,'Johnston street','Fitzroy','3065'),(626,'H',523,NULL,8,'Gertrude street','Fitzroy','3065'),(627,'A',335,9,30,'Pelham street','Carlton','3053'),(628,'H',406,NULL,27,'Faraday street','Carlton','3053'),(629,'H',424,NULL,44,'Canning street','Carlton','3053'),(630,'A',304,2,41,'Rathdowne street','Carlton','3053'),(631,'H',547,NULL,75,'Pelham street','Carlton','3053'),(632,'S',126,NULL,52,'Elgin street','Carlton','3053'),(633,'H',589,NULL,33,'Grattan street','Carlton','3053'),(634,'H',467,NULL,12,'Canning street','Carlton','3053'),(635,'H',571,NULL,62,'Brunswick street','Fitzroy','3065'),(636,'H',551,NULL,75,'Pelham street','Carlton','3053'),(637,'H',445,NULL,90,'Nicholson street','Carlton','3053'),(638,'H',571,NULL,25,'Napier street','Fitzroy','3065'),(639,'A',320,6,57,'Lygon street','Carlton','3053'),(640,'H',487,NULL,9,'Station street','Carlton','3053'),(641,'H',578,NULL,73,'Smith street','Fitzroy','3065'),(642,'H',528,NULL,41,'Fitzroy street','Fitzroy','3065'),(643,'H',306,NULL,86,'Moor street','Fitzroy','3065'),(644,'H',547,NULL,9,'Palmerston street','Carlton','3053'),(645,'A',318,5,84,'Canning street','Carlton','3053'),(646,'H',547,NULL,96,'Rathdowne street','Carlton','3053'),(647,'H',584,NULL,29,'Cardigan street','Carlton','3053'),(648,'A',381,8,55,'Station street','Carlton','3053'),(649,'H',450,NULL,89,'Elgin street','Carlton','3053'),(650,'H',508,NULL,80,'Station street','Carlton','3053'),(651,'H',593,NULL,35,'Bouverie street','Carlton','3053'),(652,'H',540,NULL,33,'Station street','Carlton','3053'),(653,'H',324,NULL,62,'Lygon street','Carlton','3053'),(654,'H',598,NULL,13,'Faraday street','Carlton','3053'),(655,'H',518,NULL,78,'Elgin street','Carlton','3053'),(656,'H',496,NULL,50,'Canning street','Carlton','3053'),(657,'A',326,3,19,'Moor street','Fitzroy','3065'),(658,'H',441,NULL,45,'George street','Fitzroy','3065'),(659,'H',331,NULL,67,'Nicholson street','Carlton','3053'),(660,'A',330,1,2,'Cardigan street','Carlton','3053'),(661,'H',360,NULL,10,'Bouverie street','Carlton','3053'),(662,'H',511,NULL,45,'Station street','Carlton','3053'),(663,'H',573,NULL,95,'Rose street','Fitzroy','3065'),(664,'H',435,NULL,41,'Argyle street','Fitzroy','3065'),(665,'H',455,NULL,19,'Moor street','Fitzroy','3065'),(666,'A',369,7,71,'Station street','Carlton','3053'),(667,'H',484,NULL,2,'Nicholson street','Carlton','3053'),(668,'H',410,NULL,96,'Elgin street','Carlton','3053'),(669,'A',301,1,73,'Gertrude street','Fitzroy','3065'),(670,'H',575,NULL,77,'Brunswick street','Fitzroy','3065'),(671,'H',474,NULL,67,'Alexandra parade','Fitzroy','3065'),(672,'A',344,7,5,'Leicester street','Fitzroy','3065'),(673,'H',301,NULL,26,'Gertrude street','Fitzroy','3065'),(674,'H',470,NULL,14,'Lygon street','Carlton','3053'),(675,'H',549,NULL,92,'Elgin street','Carlton','3053'),(676,'H',433,NULL,17,'Drummond street','Carlton','3053'),(677,'H',522,NULL,11,'Rose street','Fitzroy','3065'),(678,'A',411,3,6,'Elgin street','Carlton','3053'),(679,'H',489,NULL,94,'Brunswick street','Fitzroy','3065'),(680,'S',111,NULL,56,'Elgin street','Carlton','3053'),(681,'A',390,4,96,'Brunswick street','Fitzroy','3065'),(682,'H',418,NULL,13,'Nicholson street','Carlton','3053'),(683,'H',321,NULL,79,'Argyle street','Fitzroy','3065'),(684,'A',349,1,54,'Cardigan street','Carlton','3053'),(685,'H',486,NULL,33,'Drummond street','Carlton','3053'),(686,'H',480,NULL,5,'Grattan street','Carlton','3053'),(687,'A',343,4,24,'Nicholson street','Carlton','3053'),(688,'H',577,NULL,8,'Johnston street','Fitzroy','3065'),(689,'H',354,NULL,69,'Kerr street','Fitzroy','3065'),(690,'A',342,6,21,'Gertrude street','Fitzroy','3065'),(691,'H',346,NULL,10,'Young street','Fitzroy','3065'),(692,'H',404,NULL,36,'Drummond street','Carlton','3053'),(693,'A',385,8,83,'Brunswick street','Fitzroy','3065'),(694,'H',412,NULL,4,'Elgin street','Carlton','3053'),(695,'H',307,NULL,73,'Young street','Fitzroy','3065'),(696,'A',300,5,54,'Brunswick street','Fitzroy','3065'),(697,'H',580,NULL,53,'Lygon street','Carlton','3053'),(698,'H',500,NULL,1,'Elgin street','Carlton','3053'),(699,'A',461,2,47,'Young street','Fitzroy','3065'),(700,'H',506,NULL,34,'Moor street','Fitzroy','3065'),(701,'H',545,NULL,30,'Argyle street','Fitzroy','3065'),(702,'A',307,3,48,'Young street','Fitzroy','3065'),(703,'H',504,NULL,50,'Lygon street','Carlton','3053'),(704,'S',197,NULL,9,'Napier street','Fitzroy','3065'),(705,'A',474,1,92,'Young street','Fitzroy','3065'),(706,'H',578,NULL,35,'Palmerston street','Carlton','3053'),(707,'H',568,NULL,99,'Drummond street','Carlton','3053'),(708,'H',508,NULL,89,'Victoria street','Carlton','3053'),(709,'H',536,NULL,51,'Gore street','Fitzroy','3065'),(710,'H',555,NULL,86,'Young street','Fitzroy','3065'),(711,'H',570,NULL,81,'Brunswick street','Fitzroy','3065'),(712,'H',587,NULL,44,'Young street','Fitzroy','3065'),(713,'H',322,NULL,80,'Napier street','Fitzroy','3065'),(714,'A',450,6,69,'George street','Fitzroy','3065'),(715,'H',386,NULL,6,'Young street','Fitzroy','3065'),(716,'H',579,NULL,25,'Gertrude street','Fitzroy','3065'),(717,'H',537,NULL,4,'Smith street','Fitzroy','3065'),(718,'S',148,NULL,47,'Johnston street','Fitzroy','3065'),(719,'H',429,NULL,24,'Napier street','Fitzroy','3065'),(720,'H',502,NULL,79,'Moor street','Fitzroy','3065'),(721,'H',324,NULL,22,'Palmerston street','Carlton','3053'),(722,'H',416,NULL,73,'Faraday street','Carlton','3053'),(723,'H',509,NULL,2,'Canning street','Carlton','3053'),(724,'S',197,NULL,92,'Gertrude street','Fitzroy','3065'),(725,'H',458,NULL,52,'Lygon street','Carlton','3053'),(726,'A',499,7,84,'Victoria street','Carlton','3053'),(727,'H',522,NULL,65,'Queensberry street','Carlton','3053'),(728,'H',515,NULL,72,'George street','Fitzroy','3065'),(729,'A',410,8,66,'Bouverie street','Carlton','3053'),(730,'H',506,NULL,14,'Grattan street','Carlton','3053'),(731,'H',399,NULL,74,'Berkeley street','Carlton','3053'),(732,'A',479,9,28,'Brunswick street','Fitzroy','3065'),(733,'H',596,NULL,20,'Lygon street','Carlton','3053'),(734,'S',143,NULL,17,'Nicholson street','Carlton','3053'),(735,'H',528,NULL,23,'Nicholson street','Fitzroy','3065'),(736,'H',412,NULL,67,'Kerr street','Fitzroy','3065'),(737,'H',477,NULL,63,'Lygon street','Carlton','3053'),(738,'H',548,NULL,18,'Bouverie street','Carlton','3053'),(739,'H',411,NULL,10,'Kerr street','Fitzroy','3065'),(740,'H',413,NULL,49,'Johnston street','Fitzroy','3065'),(741,'H',531,NULL,43,'Argyle street','Fitzroy','3065'),(742,'H',515,NULL,69,'Argyle street','Fitzroy','3065'),(743,'H',385,NULL,16,'Nicholson street','Carlton','3053'),(744,'A',379,1,72,'Kerr street','Fitzroy','3065'),(745,'H',439,NULL,15,'Gore street','Fitzroy','3065'),(746,'H',459,NULL,60,'Drummond street','Carlton','3053'),(747,'A',380,1,55,'Elgin street','Carlton','3053'),(748,'H',524,NULL,97,'Brunswick street','Fitzroy','3065'),(749,'H',581,NULL,21,'Kerr street','Fitzroy','3065'),(750,'A',434,1,12,'Gertrude street','Fitzroy','3065'),(751,'H',425,NULL,97,'Gore street','Fitzroy','3065'),(752,'H',524,NULL,50,'Grattan street','Carlton','3053'),(753,'A',446,1,60,'Kerr street','Fitzroy','3065'),(754,'S',160,NULL,50,'Brunswick street','Fitzroy','3065'),(755,'H',462,NULL,69,'Kerr street','Fitzroy','3065'),(756,'A',329,1,95,'Brunswick street','Fitzroy','3065'),(757,'H',560,NULL,70,'Nicholson street','Carlton','3053'),(758,'S',113,NULL,66,'Kerr street','Fitzroy','3065'),(759,'A',487,3,18,'Brunswick street','Fitzroy','3065'),(760,'H',594,NULL,94,'Moor street','Fitzroy','3065'),(761,'H',312,NULL,17,'Brunswick street','Fitzroy','3065'),(762,'A',378,3,2,'George street','Fitzroy','3065'),(763,'H',353,NULL,62,'Napier street','Fitzroy','3065'),(764,'S',132,NULL,5,'Gertrude street','Fitzroy','3065'),(765,'A',303,9,37,'Lygon street','Carlton','3053'),(766,'H',521,NULL,71,'Little smith street','Fitzroy','3065'),(767,'H',493,NULL,44,'Napier street','Fitzroy','3065'),(768,'A',303,5,7,'Brunswick street','Fitzroy','3065'),(769,'H',339,NULL,5,'Gertrude street','Fitzroy','3065'),(770,'H',485,NULL,6,'Little smith street','Fitzroy','3065'),(771,'H',509,NULL,13,'Elgin street','Carlton','3053'),(772,'H',489,NULL,50,'Kerr street','Fitzroy','3065'),(773,'H',319,NULL,12,'Johnston street','Fitzroy','3065'),(774,'A',430,7,9,'Gertrude street','Fitzroy','3065'),(775,'H',591,NULL,10,'Napier street','Fitzroy','3065'),(776,'H',467,NULL,23,'Faraday street','Carlton','3053'),(777,'H',563,NULL,88,'George street','Fitzroy','3065'),(778,'H',512,NULL,68,'Lygon street','Carlton','3053'),(779,'H',573,NULL,78,'Bouverie street','Carlton','3053'),(780,'A',429,1,88,'Drummond street','Carlton','3053'),(781,'H',429,NULL,4,'Gore street','Fitzroy','3065'),(782,'H',556,NULL,58,'Gertrude street','Fitzroy','3065'),(783,'H',595,NULL,76,'Bouverie street','Carlton','3053'),(784,'H',406,NULL,8,'Nicholson street','Fitzroy','3065'),(785,'H',547,NULL,12,'Napier street','Fitzroy','3065'),(786,'A',316,7,38,'Cardigan street','Carlton','3053'),(787,'H',542,NULL,53,'Rathdowne street','Carlton','3053'),(788,'H',561,NULL,54,'Cardigan street','Carlton','3053'),(789,'H',580,NULL,11,'Brunswick street','Fitzroy','3065'),(790,'S',117,NULL,91,'Faraday street','Carlton','3053'),(791,'H',445,NULL,24,'Nicholson street','Carlton','3053'),(792,'A',374,1,46,'Brunswick street','Fitzroy','3065'),(793,'H',537,NULL,59,'Faraday street','Carlton','3053'),(794,'S',163,NULL,57,'Drummond street','Carlton','3053'),(795,'H',505,NULL,11,'Brunswick street','Fitzroy','3065'),(796,'H',535,NULL,81,'Lygon street','Carlton','3053'),(797,'H',561,NULL,75,'Cardigan street','Carlton','3053'),(798,'A',302,2,32,'Johnston street','Fitzroy','3065'),(799,'H',425,NULL,34,'Rathdowne street','Carlton','3053'),(800,'S',119,NULL,75,'Drummond street','Carlton','3053'),(801,'A',320,8,74,'Rathdowne street','Carlton','3053'),(802,'S',146,NULL,44,'Drummond street','Carlton','3053'),(803,'H',470,NULL,98,'Rathdowne street','Carlton','3053'),(804,'A',414,7,60,'Elgin street','Carlton','3053'),(805,'H',359,NULL,6,'Smith street','Fitzroy','3065'),(806,'H',553,NULL,49,'Rathdowne street','Carlton','3053'),(807,'A',488,1,27,'Smith street','Fitzroy','3065'),(808,'H',481,NULL,91,'Elgin street','Carlton','3053'),(809,'H',343,NULL,74,'Cardigan street','Carlton','3053'),(810,'H',571,NULL,98,'Cardigan street','Carlton','3053'),(811,'H',329,NULL,68,'Nicholson street','Fitzroy','3065'),(812,'H',532,NULL,46,'Fitzroy street','Fitzroy','3065'),(813,'A',473,2,26,'Brunswick street','Fitzroy','3065'),(814,'H',471,NULL,91,'Lygon street','Carlton','3053'),(815,'H',335,NULL,80,'George street','Fitzroy','3065'),(816,'H',562,NULL,25,'Elgin street','Carlton','3053'),(817,'H',305,NULL,89,'Napier street','Fitzroy','3065'),(818,'H',439,NULL,67,'Lygon street','Carlton','3053'),(819,'A',381,8,71,'Smith street','Fitzroy','3065'),(820,'H',588,NULL,53,'Fitzroy street','Fitzroy','3065'),(821,'H',598,NULL,53,'Nicholson street','Fitzroy','3065'),(822,'A',327,5,5,'Lygon street','Carlton','3053'),(823,'H',442,NULL,67,'Napier street','Fitzroy','3065'),(824,'S',130,NULL,21,'George street','Fitzroy','3065'),(825,'A',324,1,3,'Napier street','Fitzroy','3065'),(826,'S',131,NULL,56,'Drummond street','Carlton','3053'),(827,'H',384,NULL,68,'Rathdowne street','Carlton','3053'),(828,'A',325,5,73,'Napier street','Fitzroy','3065'),(829,'H',475,NULL,62,'Lygon street','Carlton','3053'),(830,'H',502,NULL,91,'Drummond street','Carlton','3053'),(831,'A',483,7,71,'Cardigan street','Carlton','3053'),(832,'S',109,NULL,82,'Smith street','Fitzroy','3065'),(833,'H',399,NULL,96,'Drummond street','Carlton','3053'),(834,'A',467,8,34,'Napier street','Fitzroy','3065'),(835,'H',537,NULL,83,'Smith street','Fitzroy','3065'),(836,'S',186,NULL,15,'Brunswick street','Fitzroy','3065'),(837,'A',318,2,24,'George street','Fitzroy','3065'),(838,'H',435,NULL,75,'Drummond street','Carlton','3053'),(839,'H',322,NULL,4,'Lygon street','Carlton','3053'),(840,'A',303,7,97,'Brunswick street','Fitzroy','3065'),(841,'H',549,NULL,74,'Nicholson street','Fitzroy','3065'),(842,'S',138,NULL,80,'Young street','Fitzroy','3065'),(843,'A',345,1,79,'George street','Fitzroy','3065'),(844,'H',409,NULL,53,'Drummond street','Carlton','3053'),(845,'H',413,NULL,29,'Brunswick street','Fitzroy','3065'),(846,'H',536,NULL,89,'Young street','Fitzroy','3065'),(847,'H',542,NULL,55,'George street','Fitzroy','3065'),(848,'H',503,NULL,11,'Brunswick street','Fitzroy','3065'),(849,'H',588,NULL,88,'Gore street','Fitzroy','3065'),(850,'H',532,NULL,7,'Lygon street','Carlton','3053'),(851,'H',598,NULL,73,'Lygon street','Carlton','3053'),(852,'A',495,8,43,'Gore street','Fitzroy','3065'),(853,'H',379,NULL,96,'Nicholson street','Fitzroy','3065'),(854,'H',410,NULL,51,'Smith street','Fitzroy','3065'),(855,'A',315,2,66,'Brunswick street','Fitzroy','3065'),(856,'S',143,NULL,81,'Young street','Fitzroy','3065'),(857,'H',473,NULL,7,'George street','Fitzroy','3065'),(858,'A',435,7,94,'Young street','Fitzroy','3065'),(859,'H',456,NULL,48,'Nicholson street','Fitzroy','3065'),(860,'S',175,NULL,59,'Smith street','Fitzroy','3065'),(861,'H',509,NULL,51,'Brunswick street','Fitzroy','3065'),(862,'H',522,NULL,78,'Young street','Fitzroy','3065'),(863,'H',483,NULL,37,'Nicholson street','Fitzroy','3065'),(864,'H',548,NULL,53,'Brunswick street','Fitzroy','3065'),(865,'H',394,NULL,54,'Brunswick street','Fitzroy','3065'),(866,'S',124,NULL,11,'Young street','Fitzroy','3065'),(867,'A',441,7,94,'Nicholson street','Fitzroy','3065'),(868,'S',134,NULL,37,'Rathdowne street','Carlton','3053'),(869,'H',348,NULL,6,'Lygon street','Carlton','3053'),(870,'A',436,7,16,'Smith street','Fitzroy','3065'),(871,'H',536,NULL,65,'Gore street','Fitzroy','3065'),(872,'H',473,NULL,77,'Cardigan street','Carlton','3053'),(873,'A',456,5,91,'Gore street','Fitzroy','3065'),(874,'H',564,NULL,25,'Rathdowne street','Carlton','3053'),(875,'H',552,NULL,51,'Brunswick street','Fitzroy','3065'),(876,'A',469,3,79,'Cardigan street','Carlton','3053'),(877,'H',390,NULL,45,'Brunswick street','Fitzroy','3065'),(878,'H',544,NULL,88,'Lygon street','Carlton','3053'),(879,'A',351,1,3,'Nicholson street','Fitzroy','3065'),(880,'H',421,NULL,55,'Drummond street','Carlton','3053'),(881,'H',455,NULL,66,'Drummond street','Carlton','3053'),(882,'A',411,2,66,'Lygon street','Carlton','3053'),(883,'H',392,NULL,32,'Gore street','Fitzroy','3065'),(884,'H',427,NULL,60,'Young street','Fitzroy','3065'),(885,'A',359,1,8,'Young street','Fitzroy','3065'),(886,'H',516,NULL,60,'Smith street','Fitzroy','3065'),(887,'H',302,NULL,78,'George street','Fitzroy','3065'),(888,'H',562,NULL,7,'Napier street','Fitzroy','3065'),(889,'H',405,NULL,4,'Lygon street','Carlton','3053'),(890,'S',139,NULL,10,'George street','Fitzroy','3065'),(891,'A',480,9,86,'Drummond street','Carlton','3053'),(892,'H',484,NULL,31,'Brunswick street','Fitzroy','3065'),(893,'H',379,NULL,96,'Cardigan street','Carlton','3053'),(894,'A',443,1,88,'Lygon street','Carlton','3053'),(895,'H',482,NULL,54,'Lygon street','Carlton','3053'),(896,'H',478,NULL,8,'Cardigan street','Carlton','3053'),(897,'A',348,8,77,'Lygon street','Carlton','3053'),(898,'S',103,NULL,61,'Rathdowne street','Carlton','3053'),(899,'H',473,NULL,75,'Brunswick street','Fitzroy','3065'),(900,'H',558,NULL,94,'Brunswick street','Fitzroy','3065'),(901,'H',471,NULL,43,'Napier street','Fitzroy','3065'),(902,'S',182,NULL,34,'Napier street','Fitzroy','3065'),(903,'A',495,8,44,'George street','Fitzroy','3065'),(904,'H',431,NULL,16,'Lygon street','Carlton','3053'),(905,'H',370,NULL,48,'Cardigan street','Carlton','3053'),(906,'H',558,NULL,92,'Napier street','Fitzroy','3065'),(907,'H',481,NULL,17,'Drummond street','Carlton','3053'),(908,'H',433,NULL,10,'Fitzroy street','Fitzroy','3065'),(909,'A',420,6,99,'Fitzroy street','Fitzroy','3065'),(910,'H',501,NULL,67,'George street','Fitzroy','3065'),(911,'H',347,NULL,36,'Smith street','Fitzroy','3065'),(912,'H',532,NULL,81,'Napier street','Fitzroy','3065'),(913,'H',422,NULL,96,'Brunswick street','Fitzroy','3065'),(914,'H',511,NULL,40,'Cardigan street','Carlton','3053'),(915,'A',390,6,12,'Lygon street','Carlton','3053'),(916,'H',417,NULL,42,'Drummond street','Carlton','3053'),(917,'H',317,NULL,74,'Lygon street','Carlton','3053'),(918,'A',334,2,42,'Gore street','Fitzroy','3065'),(919,'H',421,NULL,90,'Cardigan street','Carlton','3053'),(920,'H',501,NULL,23,'Gore street','Fitzroy','3065'),(921,'A',343,3,48,'Brunswick street','Fitzroy','3065'),(922,'H',511,NULL,71,'Drummond street','Carlton','3053'),(923,'H',330,NULL,11,'Brunswick street','Fitzroy','3065'),(924,'A',416,2,43,'Drummond street','Carlton','3053'),(925,'H',489,NULL,83,'Cardigan street','Carlton','3053'),(926,'H',599,NULL,86,'Drummond street','Carlton','3053'),(927,'A',327,8,80,'Brunswick street','Fitzroy','3065'),(928,'H',438,NULL,45,'Brunswick street','Fitzroy','3065'),(929,'H',309,NULL,86,'Cardigan street','Carlton','3053'),(930,'H',532,NULL,94,'Lygon street','Carlton','3053'),(931,'H',535,NULL,11,'Fitzroy street','Fitzroy','3065'),(932,'H',477,NULL,74,'Gore street','Fitzroy','3065'),(933,'A',482,7,39,'Cardigan street','Carlton','3053'),(934,'S',178,NULL,72,'Brunswick street','Fitzroy','3065'),(935,'H',447,NULL,43,'Brunswick street','Fitzroy','3065'),(936,'H',502,NULL,1,'George street','Fitzroy','3065'),(937,'H',569,NULL,77,'George street','Fitzroy','3065'),(938,'H',441,NULL,84,'Brunswick street','Fitzroy','3065'),(939,'A',498,3,87,'George street','Fitzroy','3065'),(940,'H',566,NULL,86,'Fitzroy street','Fitzroy','3065'),(941,'H',437,NULL,69,'Smith street','Fitzroy','3065'),(942,'A',490,2,85,'Napier street','Fitzroy','3065'),(943,'H',536,NULL,20,'Smith street','Fitzroy','3065'),(944,'S',111,NULL,47,'Lygon street','Carlton','3053'),(945,'H',547,NULL,74,'Smith street','Fitzroy','3065'),(946,'S',102,NULL,31,'Napier street','Fitzroy','3065'),(947,'H',470,NULL,32,'Lygon street','Carlton','3053'),(948,'H',547,NULL,70,'Gore street','Fitzroy','3065'),(949,'H',422,NULL,52,'Napier street','Fitzroy','3065'),(950,'H',472,NULL,50,'Lygon street','Carlton','3053'),(951,'A',493,1,94,'Cardigan street','Carlton','3053'),(952,'H',449,NULL,22,'George street','Fitzroy','3065'),(953,'H',467,NULL,29,'Cardigan street','Carlton','3053'),(954,'A',388,1,80,'Gore street','Fitzroy','3065'),(955,'H',541,NULL,13,'Gore street','Fitzroy','3065'),(956,'S',140,NULL,24,'George street','Fitzroy','3065'),(957,'A',380,6,83,'Swanston street','Carlton','3053'),(958,'H',577,NULL,43,'Cardigan street','Carlton','3053'),(959,'H',548,NULL,65,'George street','Fitzroy','3065'),(960,'A',408,1,99,'Lygon street','Carlton','3053'),(961,'H',396,NULL,10,'George street','Fitzroy','3065'),(962,'H',459,NULL,3,'Swanston street','Carlton','3053'),(963,'H',507,NULL,18,'Swanston street','Carlton','3053'),(964,'H',559,NULL,79,'Swanston street','Carlton','3053'),(965,'H',375,NULL,40,'Swanston street','Carlton','3053'),(966,'A',498,8,66,'Lygon street','Carlton','3053'),(967,'H',465,NULL,10,'Swanston street','Carlton','3053'),(968,'H',532,NULL,53,'Swanston street','Carlton','3053'),(969,'A',363,8,36,'Lygon street','Carlton','3053'),(970,'H',522,NULL,20,'Lygon street','Carlton','3053'),(971,'H',322,NULL,92,'Swanston street','Carlton','3053'),(972,'A',343,8,99,'Swanston street','Carlton','3053'),(973,'H',449,NULL,22,'Swanston street','Carlton','3053'),(974,'S',115,NULL,15,'Swanston street','Carlton','3053'),(975,'H',531,NULL,6,'Swanston street','Carlton','3053'),(976,'H',510,NULL,89,'Swanston street','Carlton','3053'),(977,'H',357,NULL,24,'Swanston street','Carlton','3053'),(978,'H',558,NULL,57,'Swanston street','Carlton','3053'),(979,'H',517,NULL,11,'Swanston street','Carlton','3053'),(980,'S',114,NULL,83,'Swanston street','Carlton','3053'),(981,'A',317,6,85,'Swanston street','Carlton','3053'),(982,'S',145,NULL,77,'Swanston street','Carlton','3053'),(983,'H',474,NULL,29,'Swanston street','Carlton','3053'),(984,'A',437,6,13,'Swanston street','Carlton','3053');
/*!40000 ALTER TABLE `property` ENABLE KEYS */;
UNLOCK TABLES;

--
-- Table structure for table `propertytype`
--

DROP TABLE IF EXISTS `propertytype`;
/*!40101 SET @saved_cs_client     = @@character_set_client */;
/*!40101 SET character_set_client = utf8 */;
CREATE TABLE `propertytype` (
  `id` char(1) NOT NULL,
  `description` char(20) NOT NULL,
  PRIMARY KEY (`id`)
) ENGINE=InnoDB DEFAULT CHARSET=utf8;
/*!40101 SET character_set_client = @saved_cs_client */;

--
-- Dumping data for table `propertytype`
--

LOCK TABLES `propertytype` WRITE;
/*!40000 ALTER TABLE `propertytype` DISABLE KEYS */;
INSERT INTO `propertytype` VALUES ('A','Apartment'),('H','House'),('S','Shared');
/*!40000 ALTER TABLE `propertytype` ENABLE KEYS */;
UNLOCK TABLES;

--
-- Table structure for table `shared`
--

DROP TABLE IF EXISTS `shared`;
/*!40101 SET @saved_cs_client     = @@character_set_client */;
/*!40101 SET character_set_client = utf8 */;
CREATE TABLE `shared` (
  `id` int(11) NOT NULL,
  `contactName` varchar(45) NOT NULL,
  `contactPhone` char(10) NOT NULL,
  PRIMARY KEY (`id`),
  CONSTRAINT `fk_shared_property1` FOREIGN KEY (`id`) REFERENCES `property` (`id`) ON DELETE NO ACTION ON UPDATE NO ACTION
) ENGINE=InnoDB DEFAULT CHARSET=utf8;
/*!40101 SET character_set_client = @saved_cs_client */;

--
-- Dumping data for table `shared`
--

LOCK TABLES `shared` WRITE;
/*!40000 ALTER TABLE `shared` DISABLE KEYS */;
INSERT INTO `shared` VALUES (8,'Finley','8697660699'),(10,'Jovanny','1597228831'),(16,'Deborah','2319846495'),(20,'Dean','8566163983'),(28,'Stanley','9176265253'),(52,'Krish','4854635066'),(64,'Haiden','6938385335'),(76,'Alvaro','7457141435'),(88,'Dylan','6118526965'),(106,'Destiny','7316239255'),(112,'Luka','3803496761'),(116,'Yesenia','9119142744'),(122,'Natalie','6587631000'),(124,'Asher','5247487695'),(142,'Kaitlin','7937422140'),(154,'Jane','7027971779'),(160,'Osvaldo','4482478741'),(172,'Harmony','7615320699'),(178,'Shawn','9394750208'),(182,'Lizbeth','5056484266'),(188,'Katelyn','5784443655'),(190,'Royce','5278381139'),(196,'Marques','8837410528'),(202,'Rodney','1639038661'),(206,'Jay','2388986815'),(214,'Jaylin','2414693636'),(224,'Ace','1830613025'),(230,'Nash','4427891504'),(238,'Cherish','5099746659'),(254,'Kelsie','1239650235'),(260,'Marisol','6522437270'),(274,'Jamiya','4892067477'),(278,'Destiny','3122759168'),(286,'Emerson','7984667484'),(290,'Semaj','3120542789'),(292,'Mallory','7825751861'),(308,'Catherine','4097280428'),(310,'Kaliyah','2314552520'),(316,'Angelica','1747951659'),(322,'Larry','5070470689'),(328,'Landen','9936476850'),(332,'Danny','5563596730'),(334,'Aspen','9553616285'),(346,'Stephanie','5581534102'),(358,'Carolina','4073647880'),(362,'Zackary','7522414566'),(364,'Kiara','2990673300'),(368,'Rigoberto','6567258624'),(370,'Antwan','7238283102'),(376,'Maddison','7547607886'),(388,'Kristina','7682571006'),(392,'Jaylynn','4561356890'),(410,'Draven','3696291272'),(422,'Joyce','5964020179'),(428,'Davion','4686778513'),(436,'Alexzander','2509049561'),(442,'Blake','3704605046'),(464,'Fatima','9215938698'),(484,'Miles','5677936757'),(488,'Halle','2113448052'),(494,'Shyanne','7621873034'),(496,'Alisa','4858455840'),(502,'Frida','9089873313'),(520,'Jerimiah','9020869142'),(530,'Taryn','7961783337'),(532,'Hayden','8714608930'),(538,'Randall','6438984515'),(554,'Ricardo','9000870183'),(556,'Fletcher','9308983756'),(562,'Javon','2362034961'),(568,'Steven','1479659486'),(586,'Liam','6672642170'),(608,'Aisha','1338472733'),(616,'Jeramiah','9834919129'),(622,'Terrence','3510896266'),(632,'Conor','9619709784'),(680,'Cason','8509901196'),(704,'Nola','3752050395'),(718,'Cheyenne','3537201248'),(724,'Aden','9936078638'),(734,'Skye','9520182522'),(754,'Taniyah','2975050167'),(758,'Gianni','1862466481'),(764,'Isai','4064681225'),(790,'Jada','9597389128'),(794,'Michael','9950339320'),(800,'Norah','2193953643'),(802,'Lorenzo','1671765188'),(824,'Maribel','5898191631'),(826,'Lacey','3039039987'),(832,'Avery','7678069534'),(836,'Amber','4095290036'),(842,'Damaris','2276239213'),(856,'Tony','8412481980'),(860,'Aria','7458272139'),(866,'Gustavo','8446059343'),(868,'Lorelei','5767820152'),(890,'Damien','4485941319'),(898,'Cadence','6914217998'),(902,'Caleb','8475975903'),(934,'Shaylee','5926145566'),(944,'Brennan','2797415083'),(946,'Nayeli','9679984671'),(956,'Taylor','1288676757'),(974,'Emmalee','8011216590'),(980,'Charles','6025472346'),(982,'Zaire','4203351457');
/*!40000 ALTER TABLE `shared` ENABLE KEYS */;
UNLOCK TABLES;

--
-- Table structure for table `tenancy`
--

DROP TABLE IF EXISTS `tenancy`;
/*!40101 SET @saved_cs_client     = @@character_set_client */;
/*!40101 SET character_set_client = utf8 */;
CREATE TABLE `tenancy` (
  `Tenant` int(11) NOT NULL,
  `Property` int(11) NOT NULL,
  `dateStart` date NOT NULL,
  `dateEnd` date DEFAULT NULL,
  `rent` smallint(6) NOT NULL,
  PRIMARY KEY (`Property`,`Tenant`,`dateStart`),
  KEY `fk_tenancy_Tenant1_idx` (`Tenant`),
  CONSTRAINT `fk_tenancy_Tenant1` FOREIGN KEY (`Tenant`) REFERENCES `tenant` (`id`) ON DELETE NO ACTION ON UPDATE NO ACTION,
  CONSTRAINT `fk_tenancy_property1` FOREIGN KEY (`Property`) REFERENCES `property` (`id`) ON DELETE NO ACTION ON UPDATE NO ACTION
) ENGINE=InnoDB DEFAULT CHARSET=utf8;
/*!40101 SET character_set_client = @saved_cs_client */;

--
-- Dumping data for table `tenancy`
--

LOCK TABLES `tenancy` WRITE;
/*!40000 ALTER TABLE `tenancy` DISABLE KEYS */;
INSERT INTO `tenancy` VALUES (92,5,'2014-08-09',NULL,429),(160,13,'2014-04-23','2016-04-22',362),(153,39,'2014-01-11','2015-01-11',339),(48,42,'2014-05-25','2015-05-25',291),(93,48,'2014-06-14',NULL,314),(79,49,'2014-02-18','2015-02-18',517),(36,51,'2014-01-05','2015-01-05',395),(132,51,'2014-08-11',NULL,425),(6,82,'2014-06-06','2015-06-06',384),(86,123,'2014-04-07','2015-04-07',458),(109,133,'2014-03-30','2015-03-30',534),(5,139,'2014-03-26','2015-03-26',524),(29,141,'2014-01-03','2015-01-03',280),(82,148,'2014-08-03',NULL,482),(155,150,'2014-08-19',NULL,399),(3,153,'2014-03-18','2015-03-18',488),(15,155,'2014-05-31','2015-05-31',566),(47,176,'2014-03-14','2016-03-13',499),(82,192,'2014-03-10','2015-03-10',403),(152,193,'2014-07-08',NULL,484),(7,194,'2014-08-05',NULL,522),(90,199,'2014-08-01',NULL,302),(137,199,'2014-04-09','2015-04-09',272),(102,210,'2014-02-10','2015-02-10',478),(60,215,'2014-04-27','2015-04-27',440),(148,230,'2014-02-16','2015-02-16',136),(163,232,'2014-06-10',NULL,428),(26,233,'2014-08-13',NULL,563),(165,236,'2014-04-25','2015-04-25',382),(90,239,'2014-04-29','2015-04-29',303),(18,271,'2014-08-25',NULL,565),(138,271,'2014-06-16',NULL,565),(187,282,'2014-07-02',NULL,315),(131,289,'2014-08-07',NULL,514),(113,309,'2014-07-18',NULL,512),(128,316,'2014-01-09','2016-01-09',76),(11,338,'2014-02-08','2016-02-08',400),(44,342,'2014-03-20','2015-03-20',324),(106,350,'2014-04-05','2015-04-05',528),(57,354,'2014-06-26',NULL,329),(180,354,'2014-05-21','2015-05-21',299),(22,377,'2014-07-14',NULL,420),(146,378,'2014-01-19','2016-01-19',329),(194,386,'2014-01-17','2015-01-17',558),(139,408,'2014-05-01','2015-05-01',332),(179,408,'2014-07-12',NULL,362),(68,420,'2014-01-13','2015-01-13',532),(198,427,'2014-04-19','2015-04-19',478),(4,445,'2014-01-31','2015-01-31',556),(181,471,'2014-02-28','2015-02-28',350),(24,483,'2014-05-03','2015-05-03',539),(182,485,'2014-05-27','2015-05-27',479),(70,504,'2014-01-27','2016-01-27',400),(198,515,'2014-01-21','2015-01-21',507),(192,529,'2014-07-10',NULL,509),(14,552,'2014-06-24',NULL,570),(53,553,'2014-02-06','2015-02-06',272),(137,555,'2014-04-17','2015-04-17',460),(126,558,'2014-02-02','2015-02-02',431),(100,560,'2014-05-23','2015-05-23',428),(115,560,'2014-05-19','2015-05-19',428),(3,571,'2014-04-01','2015-04-01',504),(169,574,'2014-04-03','2015-04-03',482),(159,611,'2014-06-02','2015-06-02',488),(182,612,'2014-05-07','2015-05-07',455),(138,617,'2014-01-07','2015-01-07',311),(56,634,'2014-02-20','2015-02-20',437),(5,666,'2014-03-08','2016-03-07',339),(41,680,'2014-05-15','2015-05-15',81),(124,690,'2014-04-21','2015-04-21',312),(88,701,'2014-07-06',NULL,545),(132,704,'2014-02-26','2015-02-26',167),(80,707,'2014-07-26',NULL,568),(84,707,'2014-05-29','2015-05-29',538),(57,710,'2014-04-13','2015-04-13',525),(199,723,'2014-01-23','2015-01-23',479),(95,729,'2014-06-08',NULL,410),(115,730,'2014-07-20',NULL,506),(6,744,'2014-03-06','2015-03-06',349),(22,755,'2014-07-16',NULL,462),(67,758,'2014-01-15','2015-01-15',83),(18,759,'2014-08-21',NULL,487),(136,761,'2014-01-01','2015-01-01',282),(155,762,'2014-05-17','2015-05-17',348),(37,770,'2014-05-13','2015-05-12',455),(71,772,'2014-04-15','2015-04-15',459),(113,772,'2014-08-23',NULL,489),(140,772,'2014-02-22','2015-02-22',459),(123,777,'2014-07-22',NULL,563),(6,786,'2014-01-29','2015-01-29',286),(26,786,'2014-07-28',NULL,316),(117,802,'2014-06-18',NULL,146),(163,814,'2014-03-22','2015-03-22',441),(195,814,'2014-02-14','2015-02-14',441),(86,815,'2014-02-24','2016-02-24',305),(98,820,'2014-05-11','2015-05-11',558),(139,820,'2014-06-28',NULL,588),(174,824,'2014-04-11','2015-04-11',100),(185,824,'2014-05-09','2015-05-09',100),(181,830,'2014-06-12',NULL,502),(70,835,'2014-08-15',NULL,537),(132,842,'2014-02-04','2015-02-04',108),(41,845,'2014-03-28','2015-03-28',383),(117,859,'2014-02-12','2016-02-12',426),(60,863,'2014-08-17',NULL,483),(186,865,'2014-06-22',NULL,394),(74,878,'2014-03-02','2015-03-02',514),(119,880,'2014-01-25','2015-01-25',391),(169,882,'2014-03-04','2015-03-04',381),(157,886,'2014-06-30',NULL,516),(114,920,'2014-03-24','2015-03-24',471),(58,924,'2014-07-24',NULL,416),(128,926,'2014-06-20',NULL,599),(129,944,'2014-07-30',NULL,111),(148,947,'2014-05-05','2015-05-05',440),(116,967,'2014-03-12','2015-03-12',435),(162,967,'2014-06-04','2015-06-04',435),(142,978,'2014-07-04',NULL,558),(141,983,'2014-03-16','2015-03-16',444);
/*!40000 ALTER TABLE `tenancy` ENABLE KEYS */;
UNLOCK TABLES;

--
-- Table structure for table `tenant`
--

DROP TABLE IF EXISTS `tenant`;
/*!40101 SET @saved_cs_client     = @@character_set_client */;
/*!40101 SET character_set_client = utf8 */;
CREATE TABLE `tenant` (
  `id` int(11) NOT NULL AUTO_INCREMENT,
  `givenName` varchar(50) DEFAULT NULL,
  `surname` varchar(50) NOT NULL,
  `phone` char(10) NOT NULL,
  PRIMARY KEY (`id`)
) ENGINE=InnoDB AUTO_INCREMENT=201 DEFAULT CHARSET=utf8;
/*!40101 SET character_set_client = @saved_cs_client */;

--
-- Dumping data for table `tenant`
--

LOCK TABLES `tenant` WRITE;
/*!40000 ALTER TABLE `tenant` DISABLE KEYS */;
INSERT INTO `tenant` VALUES (1,'Britteny','Abston','0441532370'),(2,'Margy','Alter','0810478134'),(3,'Freida','Amaral','072681647'),(4,'Kera','Anderson','0266223748'),(5,'Barbra','Basham','0353849916'),(6,'Lon','Batchelor','0924374652'),(7,'Heide','Belew','0987544272'),(8,'Susan','Bergen','083194347'),(9,'Ouida','Binion','0599985340'),(10,'Wai','Bisceglia','0606937760'),(11,'Joane','Brown','0213591885'),(12,'Wes','Brown','037802661'),(13,'Jung','Brown','0331537007'),(14,'Milford','Brown','053602813'),(15,'Huong','Bruton','0732229317'),(16,'Maegan','Cargile','0362819329'),(17,'Nelia','Chen','0972402589'),(18,'Roseline','Chen','0971019914'),(19,'Cathie','Chen','0434352773'),(20,'Irena','Chen','0599620431'),(21,'Thelma','Chen','0109579035'),(22,'Karla','Chen','0751816181'),(23,'Carri','Christen','0585652121'),(24,'Cornelia','Danna','0835837174'),(25,'Laticia','Desjardin','0692016080'),(26,'Jettie','Dodson','0336117881'),(27,'Collene','Eason','094850852'),(28,'Lue','Espinosa','0655384149'),(29,'Keesha','Francia','0489332376'),(30,'Sally','Froehlich','0596145760'),(31,'Kaye','Gaughan','0510718072'),(32,'Avril','Genest','0851884072'),(33,'Sherrell','Goodreau','0161231080'),(34,'Vinita','Gotto','0364727096'),(35,'Florrie','Goudeau','0742931519'),(36,'Rudolf','Guzzi','0247842470'),(37,'Fidelia','Hampson','0685678091'),(38,'Rheba','Harris','0273375936'),(39,'Shantay','Haverly','0246414009'),(40,'Ardelia','Helsel','032875357'),(41,'Birdie','Hillsman','0595693347'),(42,'Yoko','Hodge','0392651603'),(43,'Skye','Holcombe','0828610618'),(44,'Heriberto','Howse','090308006'),(45,'Lyn','Hoying','0978888486'),(46,'Lesia','Huang','0185875920'),(47,'Norah','Huebner','0327407337'),(48,'Adelia','Jenning','0992190716'),(49,'Vita','Jones','068401049'),(50,'Theola','Jones','0191400861'),(51,'Marielle','Jones','0557462900'),(52,'Reita','Jones','0916643057'),(53,'Helen','Kelly','0647357258'),(54,'Connie','Ketterman','0394684483'),(55,'Shaunta','Khang','0301708697'),(56,'Season','King','0775781118'),(57,'Deidra','Kingsley','098410952'),(58,'Vivienne','Kisner','0701989466'),(59,'Mervin','Kleckner','0806653088'),(60,'Fletcher','Kottwitz','0601876070'),(61,'Sharita','Kravitz','029183630'),(62,'Marg','Kumar','0452545700'),(63,'Percy','Kumar','052892954'),(64,'Twanda','Kumar','0515572006'),(65,'Latrice','Leake','0459625165'),(66,'Hayley','Leavell','0647429512'),(67,'Davida','Lee','0366908971'),(68,'Michele','Li','0338423706'),(69,'Keitha','Li','0913274221'),(70,'Luigi','Li','0531121208'),(71,'Elia','Li','0633578822'),(72,'Anh','Li','0115832995'),(73,'Katherin','Li','0208974538'),(74,'Jerrell','Li','0750140269'),(75,'Jenna','Li','0451486456'),(76,'Darci','Liu','0873823258'),(77,'Julieta','Liu','0149619004'),(78,'Daisy','Liu','0779273272'),(79,'Crista','Liu','0475391484'),(80,'Marketta','Liu','0942873787'),(81,'Su','Liu','0793755558'),(82,'Alec','Low','0315679216'),(83,'Ebony','Marcellus','0976464535'),(84,'Elia','Martin','0422392082'),(85,'Arla','Mccusker','0607348642'),(86,'Dorine','Mcentire','09176930'),(87,'Kimberely','Mcmickle','0774709962'),(88,'Lina','Mcnerney','0554431936'),(89,'Amee','Mcphee','0591694408'),(90,'Carmelina','Meekins','062137925'),(91,'Darryl','Mendiola','0653217324'),(92,'Florine','Menjivar','0441926942'),(93,'Bryce','Millner','0597807388'),(94,'Joann','Mitchum','0615344415'),(95,'Liana','Morton','0310591445'),(96,'Dania','Murphy','027117118'),(97,'Loris','Nellis','0226604351'),(98,'Jeni','Nguyen','0595584047'),(99,'Danyelle','Nolette','0320337634'),(100,'Katelin','Nolte','0181579313'),(101,'Oliver','Orner','0759630855'),(102,'William','Pasquale','0967552046'),(103,'Jack','Pellegren','0306411984'),(104,'Noah','Perfecto','0912451511'),(105,'Jackson','Pulliam','0366658884'),(106,'Thomas','Rm','0463125179'),(107,'Lucas','Robinson','055000407'),(108,'James','Rodes','027540977'),(109,'Alex','Roussell','0665468087'),(110,'Ethan','Ryan','0612247528'),(111,'Charlotte','Saini','0916766045'),(112,'Mia','Sample','0284410411'),(113,'Olivia','Schlachter','072111437'),(114,'Ava','Schreck','0661815558'),(115,'Amelia','Schrom','0179529286'),(116,'Emily','Shakespeare','0132579524'),(117,'Sophia','Sharma','0152253413'),(118,'Sophie','Sharma','0169407327'),(119,'Chloe','Shin','047262653'),(120,'Ruby','Shoaff','0272595533'),(121,'Benjamin','Shull','0625425099'),(122,'Charlie','Singh','0764649202'),(123,'Emily','Singh','0302988250'),(124,'Ella','Singh','0302705776'),(125,'Mia','Singh','0944955889'),(126,'Isabella','Sloan','0355180317'),(127,'Jack','Smith','0302083594'),(128,'William','Smith','0712393855'),(129,'Noah ','Smith','0328981409'),(130,'Ethan','Smith','0487615115'),(131,'Oliver','Smith','0332793430'),(132,'Thomas','Sova','0309492104'),(133,'Cooper','Stephan','0963137982'),(134,'James','Strack','0277858442'),(135,'Lucas','Stutts','0587775144'),(136,'Lachlan','Summa','0300845420'),(137,'Liam','Talmadge','0602859015'),(138,'Samuel','Taylor','0547046104'),(139,'Jacob','Taylor','0732151679'),(140,'Joshua','Thomas','0258970107'),(141,'Mason','Thompson','0319806227'),(142,'Riley','Thurgood','0983140448'),(143,'Max','Tullos','0438203640'),(144,'Alexander','Walker','0848220905'),(145,'Charlie','Wang','0258392533'),(146,'Xavier','Wang','0558304429'),(147,'Charlotte','Wang','0627900931'),(148,'Ruby','Wang','0632725039'),(149,'Olivia','Wang','0633311429'),(150,'Chloe','Wang','0357494514'),(151,'Sophie','Wang','0425008812'),(152,'Emily','Wang','0790611690'),(153,'Mia','Wang','025764499'),(154,'Amelia','Wang','0289078261'),(155,'Ava','Wang','0304017964'),(156,'Isabella','Wang','0324208989'),(157,'Ella','Wang','0438129299'),(158,'Grace','Wang','0314919120'),(159,'Sienna','Wang','0495111970'),(160,'Lily','Wang','0692675574'),(161,'Zoe','Wang','0779291626'),(162,'Sophia ','Wang','0828618472'),(163,'Emma','Wang','0293521547'),(164,'Isla','Wang','0277045214'),(165,'Hannah','Wareham','030038245'),(166,'Lily','Wentzel','0941258994'),(167,'Thomas','Westra','0220713846'),(168,'Sophia ','White','029432695'),(169,'Mia','Wigton','0928114594'),(170,'Mason','Williams','0133253808'),(171,'Max','Williams','082485641'),(172,'Lachlan','Williams','0760779439'),(173,'Charlotte','Wilson','0332160059'),(174,'Emma','Wilson','0822823030'),(175,'Chloe','Wu','0817371834'),(176,'Grace','Wu','0834200595'),(177,'Noah ','Wu','0586647029'),(178,'Isla','Wu','066545478'),(179,'Emily','Wu','0248518360'),(180,'Ruby','Wu','0778741992'),(181,'Ella','Yang','074626463'),(182,'Xavier','Yang','0201403788'),(183,'Oliver','Yang','0146916147'),(184,'Joshua','Yang','0194661123'),(185,'Charlie','Yang','0719410853'),(186,'Cooper','Yang','0342708261'),(187,'Ava','Yang','0460437788'),(188,'Hannah','Zhang','0146108154'),(189,'Olivia','Zhang','0922234742'),(190,'Samuel','Zhang','0545481858'),(191,'Riley','Zhang','0531570629'),(192,'Ethan','Zhao','0434303395'),(193,'Zoe','Zhao','0627487933'),(194,'Alexander','Zhao','0453819784'),(195,'William','Zhao','045721948'),(196,'James','Zhao','0493749405'),(197,'Sophie','Zhou','0205771297'),(198,'Lucas','Zhou','0226796008'),(199,'Liam','Zhou','0336748328'),(200,'Amelia','Zhou','077764058');
/*!40000 ALTER TABLE `tenant` ENABLE KEYS */;
UNLOCK TABLES;
/*!40103 SET TIME_ZONE=@OLD_TIME_ZONE */;

/*!40101 SET SQL_MODE=@OLD_SQL_MODE */;
/*!40014 SET FOREIGN_KEY_CHECKS=@OLD_FOREIGN_KEY_CHECKS */;
/*!40014 SET UNIQUE_CHECKS=@OLD_UNIQUE_CHECKS */;
/*!40101 SET CHARACTER_SET_CLIENT=@OLD_CHARACTER_SET_CLIENT */;
/*!40101 SET CHARACTER_SET_RESULTS=@OLD_CHARACTER_SET_RESULTS */;
/*!40101 SET COLLATION_CONNECTION=@OLD_COLLATION_CONNECTION */;
/*!40111 SET SQL_NOTES=@OLD_SQL_NOTES */;

-- Dump completed on 2016-04-14  8:57:29
